id,name,author,likes,open_source,url,term
PUB;6daafb2cabe6419d98ae25229d2327f8,Smart Money Concepts (SMC) [LuxAlgo],LuxAlgo,167524,True,https://www.tradingview.com/script/CnB3fSph-Smart-Money-Concepts-SMC-LuxAlgo/,smart money
PUB;175,Squeeze Momentum Indicator [LazyBear],LazyBear,116325,True,https://www.tradingview.com/script/nqQ1DT5a-Squeeze-Momentum-Indicator-LazyBear/,squeeze
PUB;VfOPXWDHDPhORvJYRTcuHOyeqpOcRR45,SuperTrend,KivancOzbilgic,81889,True,https://www.tradingview.com/script/r6dAP7yi-SuperTrend/,supertrend
PUB;1a32fae03299466690dcdde76d812c78,Trendlines with Breaks [LuxAlgo],LuxAlgo,52119,True,https://www.tradingview.com/script/IYL88A1N-Trendlines-with-Breaks-LuxAlgo/,trend
PUB;9Rv7agAqMD746tFBALGleFtX4dfsLpnU,Swing high low support & resistance,Patternsmart,45010,False,https://www.tradingview.com/script/RQnLfaNE-Swing-high-low-support-resistance/,swing
PUB;ad25fb10941f48b5bc2a44a6784040c6,Support and Resistance (High Volume Boxes) [ChartPrime],ChartPrime,43395,True,https://www.tradingview.com/script/Uz2AJ0i4-Support-and-Resistance-High-Volume-Boxes-ChartPrime/,volume
PUB;780e612168be41d5aa300f1c16084130,Liquidity Swings [LuxAlgo],LuxAlgo,39482,True,https://www.tradingview.com/script/1S2VOnJP-Liquidity-Swings-LuxAlgo/,swing
PUB;b74788b7aa7146ecad34c590a001f8a8,Breakout Probability (Expo),Zeiierman,30739,True,https://www.tradingview.com/script/Qt7fqntR-Breakout-Probability-Expo/,breakout
PUB;84c58fb9947d4713a23d145d97e74d28,Machine Learning Adaptive SuperTrend [AlgoAlpha],AlgoAlpha,30579,True,https://www.tradingview.com/script/CLk71Qgy-Machine-Learning-Adaptive-SuperTrend-AlgoAlpha/,supertrend
PUB;8c2d234156044effa75d531d82b247b3,Smart Money Breakout Channels [AlgoAlpha],AlgoAlpha,30508,True,https://www.tradingview.com/script/Hvk5WzPi-Smart-Money-Breakout-Channels-AlgoAlpha/,breakout
PUB;8f7cafcbf049442c913d0eadb3531263,SuperTrend AI (Clustering) [LuxAlgo],LuxAlgo,29606,True,https://www.tradingview.com/script/wP7WWjLL-SuperTrend-AI-Clustering-LuxAlgo/,supertrend
PUB;HN4w1eNW3B9HP5oSa2MNMIHMYUqLPHUT,Pivot Point Supertrend,LonesomeTheBlue,29163,True,https://www.tradingview.com/script/L0AIiLvH-Pivot-Point-Supertrend/,supertrend
PUB;Hug2Ew9Kbt54uj1v6afTSSCd3Zw8iJAg,Trend Lines v2,LonesomeTheBlue,28433,True,https://www.tradingview.com/script/eXUYLaGv-Trend-Lines-v2/,trend
PUB;tBtxZldBRqLI8PulXt2E03wwI3rVDQBO,Breakout Finder,LonesomeTheBlue,27360,True,https://www.tradingview.com/script/EvkXjgyw-Breakout-Finder/,breakout
PUB;128,Volume Flow Indicator [LazyBear],LazyBear,26935,True,https://www.tradingview.com/script/MhlDpfdS-Volume-Flow-Indicator-LazyBear/,volume
PUB;ad6964d5ee8b461eaaa38843902fac05,Volume-based Support & Resistance Zones,tommyf1001,26608,True,https://www.tradingview.com/script/S2ClgBm5-Volume-based-Support-Resistance-Zones/,volume
PUB;rcRbtoBiKGtjZq96XWjZtnEs2k2dBWaj,SuperTrend STRATEGY,KivancOzbilgic,25167,True,https://www.tradingview.com/script/P5Gu6F8k-SuperTrend-STRATEGY/,supertrend
PUB;aea729456b7a44e09661b70ce9e4e987,Volume Profile / Fixed Range,LonesomeTheBlue,25068,True,https://www.tradingview.com/script/kIY0znXs-Volume-Profile-Fixed-Range/,volume
PUB;e41b7abd03224b3fb9cf6394c0846ec1,Price Action Smart Money Concepts [BigBeluga],BigBeluga,25060,True,https://www.tradingview.com/script/jvNJYfbL-Price-Action-Smart-Money-Concepts-BigBeluga/,smart money
PUB;X0dKLxdLh46AZbqGl3Bgxb83fo9oWlDe,Volume Profile,kv4coins,24297,True,https://www.tradingview.com/script/r3VrWAO4-Volume-Profile/,volume
PUB;3a423d6669cf449ebf9f9f59ab067ea3,Smart Money Concept [TradingFinder] Major OB + FVG + Liquidity,TradingFinder,24098,True,https://www.tradingview.com/script/7Q5CbHhr-Smart-Money-Concept-TradingFinder-Major-OB-FVG-Liquidity/,smart money
PUB;1288a68576c843079ead5971213cf88f,Pivot Points High Low & Missed Reversal Levels [LuxAlgo],LuxAlgo,23506,True,https://www.tradingview.com/script/OxJJqZiN-Pivot-Points-High-Low-Missed-Reversal-Levels-LuxAlgo/,reversal
PUB;c85c28c18a5649cdbf5f1c62cf4d3e18,Market sessions and Volume profile - By Leviathan,LeviathanCapital,22931,True,https://www.tradingview.com/script/tV3rCaJ9-Market-sessions-and-Volume-profile-By-Leviathan/,volume
PUB;257dbd8cadff432c82aeb9a89ab05dc9,Auto Chart Patterns [Trendoscope®],Trendoscope,22593,True,https://www.tradingview.com/script/WZ8B1FIW-Auto-Chart-Patterns-Trendoscope/,trend
PUB;NBOLc1UjIKuxR1GvpdezORPeqIhY7FpU,Optimized Trend Tracker,KivancOzbilgic,21963,True,https://www.tradingview.com/script/zVhoDQME-Optimized-Trend-Tracker/,trend
PUB;26ae10374a9d4b0591b5b51a41356e57,Smart Money Concept (Expo),Zeiierman,21563,False,https://www.tradingview.com/script/pbeoiKh5-Smart-Money-Concept-Expo/,smart money
PUB;3d8b91f226af41dfa36df2db1c21ae80,"Volume Profile, Pivot Anchored by DGT",dgtrd,21182,True,https://www.tradingview.com/script/utCRHZeP-Volume-Profile-Pivot-Anchored-by-DGT/,volume
PUB;TFpVVPsMEJV84zM8wHIBQVCZ79v6beC8,Volume Profile Free Ultra SLI (100 Levels Value Area VWAP) - RRB,RagingRocketBull,20696,True,https://www.tradingview.com/script/W5N54CeR-Volume-Profile-Free-Ultra-SLI-100-Levels-Value-Area-VWAP-RRB/,volume
PUB;6261008975c04663beb94d6baac53a6c,Opening Range with Breakouts & Targets [LuxAlgo],LuxAlgo,20436,True,https://www.tradingview.com/script/fCqLTp6r-Opening-Range-with-Breakouts-Targets-LuxAlgo/,breakout
PUB;nNAlL58KIJqmk5hJ5JFmo3EYKLXKNAcP,Swing Highs/Lows & Candle Patterns [LuxAlgo],LuxAlgo,20321,True,https://www.tradingview.com/script/yxEJ4Dxw-Swing-Highs-Lows-Candle-Patterns-LuxAlgo/,swing
PUB;a16471dc85414264a69ccb4121308b9c,Smart Money Structure | GainzAlgo,GainzAlgo,19630,True,https://www.tradingview.com/script/HKBMUhq3-Smart-Money-Structure-GainzAlgo/,smart money
PUB;6da713fee6b24382b151242664028a26,Trendline Breakouts With Targets [ChartPrime],ChartPrime,19471,True,https://www.tradingview.com/script/hb6J9iHI-Trendline-Breakouts-With-Targets-ChartPrime/,breakout
PUB;c1dcc1dff3444471bd5d2ee90172efd3,Volume Profile and Volume Indicator by DGT,dgtrd,19461,True,https://www.tradingview.com/script/Qwj6TO5I-Volume-Profile-and-Volume-Indicator-by-DGT/,volume
PUB;216,Indicator: Weis Wave Volume [LazyBear],LazyBear,19060,True,https://www.tradingview.com/script/HFGx4ote-Indicator-Weis-Wave-Volume-LazyBear/,volume
PUB;0f80bcf05d544d4c98fde06faab1c976,Self-Aware Trend System [WillyAlgoTrader],WillyAlgoTrader,18460,True,https://www.tradingview.com/script/sXFWVpmg-Self-Aware-Trend-System-WillyAlgoTrader/,trend
PUB;b1702429dc1f4ab0a2cbdf51fd796448,Volume Delta Candles [LuxAlgo],LuxAlgo,17638,True,https://www.tradingview.com/script/BdlG9FNZ-Volume-Delta-Candles-LuxAlgo/,volume
PUB;7357271676064ac79e2d95a9608710cf,Reversal Signals [LuxAlgo],LuxAlgo,16618,True,https://www.tradingview.com/script/qTWl7ZOy-Reversal-Signals-LuxAlgo/,reversal
PUB;d7eefaf9a1ea4811bb0cbc0c1d9a7334,Zero Lag Trend Signals (MTF) [AlgoAlpha],AlgoAlpha,16609,True,https://www.tradingview.com/script/tHK4O1Fi-Zero-Lag-Trend-Signals-MTF-AlgoAlpha/,trend
PUB;XQTKs6HB2yXgpJzqMYoB9or9Q5VREkYA,Trend Direction Helper (ZigZag and S/R and HH/LL labels),Daveatt,16565,True,https://www.tradingview.com/script/prH14cfo-Trend-Direction-Helper-ZigZag-and-S-R-and-HH-LL-labels/,trend
PUB;V4MsmtCeKst4Jd2u5Umd2lVonBlJJH18,SuperTrend EXPLORER / SCREENER,KivancOzbilgic,16348,True,https://www.tradingview.com/script/3HnFEllx-SuperTrend-EXPLORER-SCREENER/,supertrend
PUB;dca6ec9a27e9407393636c9fdd6e1486,Simple Volume with Pocket Pivots,finallynitin,16248,False,https://www.tradingview.com/script/JkB0iCFp-Simple-Volume-with-Pocket-Pivots/,volume
PUB;ba9f13f5202641d98be870489b624af2,Adaptive Trend Finder (log),Julien_Exe,16229,True,https://www.tradingview.com/script/tk7fHng9-Adaptive-Trend-Finder-log/,trend
PUB;0fb4f1da6e5a439c9b700e54d6e840bf,Volume Profile with Node Detection [LuxAlgo],LuxAlgo,15932,True,https://www.tradingview.com/script/zVCsx5DL-Volume-Profile-with-Node-Detection-LuxAlgo/,volume
PUB;eCVFctFlqpt475hG8Qw7yYA89NxMtSGa,VuManChu Swing Free,Jazal,15774,True,https://www.tradingview.com/script/q23anHmP-VuManChu-Swing-Free/,swing
PUB;92ff5628d7c643419a350022e0e3866c,Trend Targets [AlgoAlpha],AlgoAlpha,15537,True,https://www.tradingview.com/script/OXsSm5NV-Trend-Targets-AlgoAlpha/,trend
PUB;e77a7e595ef04d0bab233736e5c1f6ff,Dynamic Swing Anchored VWAP (Zeiierman),Zeiierman,15446,True,https://www.tradingview.com/script/SxgyrEde-Dynamic-Swing-Anchored-VWAP-Zeiierman/,swing
PUB;12,Indicator: OBV Oscillator,LazyBear,15387,True,https://www.tradingview.com/script/Ox9gyUFA-Indicator-OBV-Oscillator/,volume
PUB;GbSwoHiYq2ebkdWF46lbkPjaOtMGE4aQ,Candlestick Trend Indicator v0.5 by JustUncleL,JustUncleL,14968,True,https://www.tradingview.com/script/mMspPm3W-Candlestick-Trend-Indicator-v0-5-by-JustUncleL/,trend
PUB;285cd9fa6f8941a69bdef37cf54ef6dc,Smart Money Concepts Probability (Expo),Zeiierman,14776,True,https://www.tradingview.com/script/mBINsJlf-Smart-Money-Concepts-Probability-Expo/,smart money
PUB;fb3098613bda4f02865605aa43c00108,Trend Reversal Predictor,KivancOzbilgic,14563,False,https://www.tradingview.com/script/6o7oLcjF-Trend-Reversal-Predictor/,trend
PUB;92a018ea21ef4b9886e810a7fea6968d,Buy Sell Signal,kelfry98,14513,True,https://www.tradingview.com/script/I6ZhnRNd-Buy-Sell-Signal/,buy sell signal
PUB;O0IBYAX4gFX9A3lcV3VQkjiBSqjRGFvp,Volume Profile [LuxAlgo],LuxAlgo,13614,True,https://www.tradingview.com/script/5MggSfGG-Volume-Profile-LuxAlgo/,volume
PUB;e21fb87fa9a640efad4df9c37f1bb440,Volume Orderbook (Expo),Zeiierman,13406,True,https://www.tradingview.com/script/CVsC5pw9-Volume-Orderbook-Expo/,volume
PUB;nlyrgnVJ8Zrisan2g01Sfv5x9RBKvpPL,SuperTrend [everget],everget,13405,True,https://www.tradingview.com/script/VLWVV7tH-SuperTrend-everget/,supertrend
PUB;6wEi0chxVOS0qB6pQJqBBRZunetdvhnK,Trend Type Indicator by BobRivera990,BobRivera990,13201,True,https://www.tradingview.com/script/zsDLpeBT-Trend-Type-Indicator-by-BobRivera990/,trend
PUB;8143a07641de4d43be04c81f85649473,Fibonacci Trend [ChartPrime],ChartPrime,13058,True,https://www.tradingview.com/script/Lrpet5VK-Fibonacci-Trend-ChartPrime/,trend
PUB;671,CM EMA Trend Bars,ChrisMoody,13007,True,https://www.tradingview.com/script/o35E9sKr-CM-EMA-Trend-Bars/,trend
PUB;kBDkvMT5y6JOKxbTEBjL3WRXJdTN5YVX,"AYN: Buy-, Sell-, Trend- and SwingSignals incl. AutoFibo",snurk,12811,False,https://www.tradingview.com/script/EgO0tv2J-AYN-Buy-Sell-Trend-and-SwingSignals-incl-AutoFibo/,trend
PUB;AipTVA0rcVre8qXWbAIiwdiPvTNKXz5I,Stochastic OTT,KivancOzbilgic,12764,True,https://www.tradingview.com/script/BK45kYNB-Stochastic-OTT/,trend
PUB;f8ca6c42838a4cc5b2123e0fdab76f0b,Swing Profile [BigBeluga],BigBeluga,12458,True,https://www.tradingview.com/script/gFlv7t7R-Swing-Profile-BigBeluga/,swing
PUB;0ded7d1e366849b381499bbb2b2ce9a4,Zero-Lag MA Trend Levels [ChartPrime],ChartPrime,12405,True,https://www.tradingview.com/script/pP2FhzAX-Zero-Lag-MA-Trend-Levels-ChartPrime/,trend
PUB;38d39d2d6c4745beadc340130cbb09d9,Momentum-based ZigZag (incl. QQE) NON-REPAINTING,Peter_O,12370,True,https://www.tradingview.com/script/gY4ilk5N-Momentum-based-ZigZag-incl-QQE-NON-REPAINTING/,momentum
PUB;1d610cc4055240a1a01743b225c58ccf,Deviation Trend Profile [BigBeluga],BigBeluga,12369,True,https://www.tradingview.com/script/6Wr1CEuo-Deviation-Trend-Profile-BigBeluga/,trend
PUB;I981TiLbIvZc7aULVnZprBFkIjUp2NXy,Trend Lines Pro,LonesomeTheBlue,11904,False,https://www.tradingview.com/script/3nqRvntM-Trend-Lines-Pro/,trend
PUB;f84b8fc7c4c9460ca0c5245db3ca57fb,"Volume / Open Interest ""Footprint"" - By Leviathan",LeviathanCapital,11757,True,https://www.tradingview.com/script/J9a6nWwM-Volume-Open-Interest-Footprint-By-Leviathan/,volume
PUB;41Rc4hZyPoedSPSuMoAhAj6swEwwFDct,Cumulative Delta Volume,LonesomeTheBlue,11744,True,https://www.tradingview.com/script/vB1T3EMp-Cumulative-Delta-Volume/,volume
PUB;47728a39dfea457aa07a603d40fbfa37,SuperTrend + Relative Volume (Kernel Optimized),fluxchart,11595,True,https://www.tradingview.com/script/31up9Ozt-SuperTrend-Relative-Volume-Kernel-Optimized/,volume
PUB;836,Coral Trend Indicator [LazyBear],LazyBear,11590,True,https://www.tradingview.com/script/qyUwc2Al-Coral-Trend-Indicator-LazyBear/,trend
PUB;85e92d9c286541538216eac8450e1cbd,Breakouts with Tests & Retests [LuxAlgo],LuxAlgo,11578,True,https://www.tradingview.com/script/RTAaXDDr-Breakouts-with-Tests-Retests-LuxAlgo/,breakout
PUB;919c1fd9c63a46c390f8e07eceb2da57,Swing Levels and Liquidity - By Leviathan,LeviathanCapital,11524,True,https://www.tradingview.com/script/ljgpWxqE-Swing-Levels-and-Liquidity-By-Leviathan/,swing
PUB;xLXe22qQZCUf4xebZCMXNXcO4D7zY8J5,ORB - Opening Range Breakout,zzzcrypto123,11479,True,https://www.tradingview.com/script/uJsja4dX-ORB-Opening-Range-Breakout/,breakout
PUB;379,Colored Volume Bars [LazyBear],LazyBear,11419,True,https://www.tradingview.com/script/ppFnYLjh-Colored-Volume-Bars-LazyBear/,volume
PUB;ea79c79a676844a2884f43e44c1be6af,Smart Money Breakouts [ChartPrime],ChartPrime,11356,True,https://www.tradingview.com/script/aM3PRWEM-Smart-Money-Breakouts-ChartPrime/,breakout
PUB;a4acd48b05c34822ba9c3cb11b35cd25,Target Trend [BigBeluga],BigBeluga,11306,True,https://www.tradingview.com/script/QoUmKd1H-Target-Trend-BigBeluga/,trend
PUB;699c36ad3114466ca5a9b1bf2955962f,Smart Money Volume Activity [AlgoAlpha],AlgoAlpha,11258,True,https://www.tradingview.com/script/POrDlSAK-Smart-Money-Volume-Activity-AlgoAlpha/,volume
PUB;afc4988c556e4a3ba0516f61dd01c7bf,Trendline Breakout Navigator [LuxAlgo],LuxAlgo,11179,True,https://www.tradingview.com/script/npYPVxFA-Trendline-Breakout-Navigator-LuxAlgo/,breakout
PUB;c9d1a3b5a9ec43c080fb180eca06ca2c,Three Bar Reversal Pattern [LuxAlgo],LuxAlgo,11179,True,https://www.tradingview.com/script/ct5E4FSn-Three-Bar-Reversal-Pattern-LuxAlgo/,reversal
PUB;xEvwblQouJgGWzqVa2SCGF281AH3O1Le,Scalping Swing Trading Tool R1-4 by JustUncleL,JustUncleL,10979,True,https://www.tradingview.com/script/oIGL7n3h-Scalping-Swing-Trading-Tool-R1-4-by-JustUncleL/,swing
PUB;6876c87fea3543c6ac4a30f8fc40c168,Footprint Chart + Volume Profile,nico-von,10961,False,https://www.tradingview.com/script/B3LN25dj-Footprint-Chart-Volume-Profile/,volume
PUB;ac98ab25d5614356b895581e48cea700,"Smarter SNR (Support and Ressistance, Trendline, MTF OSC)",hanabil,10853,True,https://www.tradingview.com/script/g1ZVGdT1-Smarter-SNR-Support-and-Ressistance-Trendline-MTF-OSC/,trend
PUB;CVZdVmg7iba7mq5BscP2FHWi68SSVvxe,RSI Swing Indicator v2,MrDinasty,10834,True,https://www.tradingview.com/script/uHew29m1-RSI-Swing-Indicator-v2/,swing
PUB;9056fd6b376f4954a069a61b4a01926b,Volume Profile Volume Delta OI Delta [Kioseff Trading],KioseffTrading,10772,True,https://www.tradingview.com/script/xp9OdTFm-Volume-Profile-Volume-Delta-OI-Delta-Kioseff-Trading/,volume
PUB;1222,Volume Accumulation Percentage Indicator [LazyBear],LazyBear,10713,True,https://www.tradingview.com/script/kVk6pN9z-Volume-Accumulation-Percentage-Indicator-LazyBear/,volume
PUB;592,CM Gann Swing High Low V2,ChrisMoody,10582,True,https://www.tradingview.com/script/ngO3BO37-CM-Gann-Swing-High-Low-V2/,swing
PUB;b82eea87a26945c292d4d9b0fb0266f6,RMI Trend Sniper,TZack88,10578,True,https://www.tradingview.com/script/rtD9lc5D-RMI-Trend-Sniper/,trend
PUB;35d63ada08384938bff191906932b9df,FVG Volume Profile [ChartPrime],ChartPrime,10571,True,https://www.tradingview.com/script/qujivabv-FVG-Volume-Profile-ChartPrime/,volume
PUB;6cabbffddfd54aa5ac0e18290a1644c7,Trend Channels With Liquidity Breaks [ChartPrime],ChartPrime,10412,True,https://www.tradingview.com/script/34t0EaMk-Trend-Channels-With-Liquidity-Breaks-ChartPrime/,trend
PUB;EYoBh8UoRIpyF7mumKB46NFLva14Qprl,Trend Magic,KivancOzbilgic,10164,True,https://www.tradingview.com/script/kRIjThLZ-Trend-Magic/,trend
PUB;215,TTM Squeeze,Greeny,10147,True,https://www.tradingview.com/script/eFs5kf8F-TTM-Squeeze/,squeeze
PUB;190,Opening Range Breakout with 2 Profit Targets.,ChrisMoody,10049,True,https://www.tradingview.com/script/kpBLjNlk-Opening-Range-Breakout-with-2-Profit-Targets/,breakout
PUB;1467,DecisionPoint Volume Swenlin Trading Oscillator [LazyBear],LazyBear,10030,True,https://www.tradingview.com/script/VZ6OUEXS-DecisionPoint-Volume-Swenlin-Trading-Oscillator-LazyBear/,volume
PUB;LMTTbKfiwsaineLhoirFTYr1QsXRymFT,"Buy and Sell Signals using EMA, Stochastic and Pivots",mmsrect,9932,False,https://www.tradingview.com/script/zWX2G809-Buy-and-Sell-Signals-using-EMA-Stochastic-and-Pivots/,buy sell signal
PUB;4,Indicator: Volume Price Confirmation Indicator (VPCI),LazyBear,9890,True,https://www.tradingview.com/script/lmTqKOsa-Indicator-Volume-Price-Confirmation-Indicator-VPCI/,volume
PUB;MI7QLNTEtAW8WYnGqmDh7ekPO32A9XRH,Trend Lines,LonesomeTheBlue,9885,True,https://www.tradingview.com/script/SLOmL1fT-Trend-Lines/,trend
PUB;5hDe5CmfCj1HVXq3be9ZofjOdprNzGmI,[SK] Fibonacci Auto Trend Scouter,sirkriz,9884,True,https://www.tradingview.com/script/9GviCznG-SK-Fibonacci-Auto-Trend-Scouter/,trend
PUB;597398dbd8c0443b8e821e5bea037060,Trending Market Toolkit [LuxAlgo],LuxAlgo,9877,True,https://www.tradingview.com/script/dFn8xNTe-Trending-Market-Toolkit-LuxAlgo/,trend
PUB;5ErgnIHmtAcbz1mbiDtcEvH5WlHPLNwy,Trend Indicator A-V2 (Smoothed Heikin Ashi Cloud),DZIV,9855,True,https://www.tradingview.com/script/DTDQ3y76-Trend-Indicator-A-V2-Smoothed-Heikin-Ashi-Cloud/,trend
PUB;cfca07f0a2f3477fb331e22737f72562,Volume Order Blocks [BigBeluga],BigBeluga,9829,True,https://www.tradingview.com/script/5CpArShF-Volume-Order-Blocks-BigBeluga/,volume
PUB;hJIjvHgixAMvTTMSJD2EBa3bMIgsYICQ,Volume-Supported Linear Regression Trend,LonesomeTheBlue,9765,True,https://www.tradingview.com/script/XVPeRgdt-Volume-Supported-Linear-Regression-Trend/,trend
PUB;4c3a0b5c29c54e7ea0dc0adca281a801,2B Reversal Pattern (Expo),Zeiierman,9654,True,https://www.tradingview.com/script/dHb3Hn12-2B-Reversal-Pattern-Expo/,reversal
PUB;ccc1c01351094ad0b42e46e285b501d5,Ultimate Opening Range Breakout [LuxAlgo],LuxAlgo,9644,True,https://www.tradingview.com/script/G4aoqFUF-Ultimate-Opening-Range-Breakout-LuxAlgo/,breakout
PUB;c21f83602cfe4200862c0b8433de3a5d,Auto Trendline Indicator (based on fractals),DojiEmoji,9592,True,https://www.tradingview.com/script/xYaiqwD8-Auto-Trendline-Indicator-based-on-fractals/,trend
PUB;iO1NrPRRG5McW5F9ensxSKm1rwxriwNK,Volume Profile per day with support/resistance lines,juliangonzaconde,9553,True,https://www.tradingview.com/script/Nn6PKWp1-Volume-Profile-per-day-with-support-resistance-lines/,volume
PUB;950d0b67bd06483aaca44d1fb6b35595,Volume Profile + Pivot Levels [ChartPrime],ChartPrime,9539,True,https://www.tradingview.com/script/KjzRRZIc-Volume-Profile-Pivot-Levels-ChartPrime/,volume
PUB;mSHzfdeWbkq7rC31XErvX6c3haafSkvW,Smart Forex Buy Sell Signal by Lukas,lukascg94,9539,False,https://www.tradingview.com/script/fqeZU4Xy-Smart-Forex-Buy-Sell-Signal-by-Lukas/,buy sell signal
PUB;7cbabd9ca44a4caeb55062e034b1313f,Reversal Probability Zone & Levels [LuxAlgo],LuxAlgo,9533,True,https://www.tradingview.com/script/HHal5bbg-Reversal-Probability-Zone-Levels-LuxAlgo/,reversal
PUB;1457,DecisionPoint Price Momentum Oscillator [LazyBear],LazyBear,9424,True,https://www.tradingview.com/script/5e9WBJwE-DecisionPoint-Price-Momentum-Oscillator-LazyBear/,momentum
PUB;67ded0a0999d434b943d801eceb9c0a0,HIGH and LOW Optimized Trend Tracker HOTT LOTT,KivancOzbilgic,9410,True,https://www.tradingview.com/script/5qkKOlVg-HIGH-and-LOW-Optimized-Trend-Tracker-HOTT-LOTT/,trend
PUB;2lteb6l2tkaWsLlOnbiNJpQEhIQXU34c,Heatmap Volume [xdecow],xdecow,9392,True,https://www.tradingview.com/script/unWex8N4-Heatmap-Volume-xdecow/,volume
PUB;811da09c25bc442abc74222fdf830327,ICT Liquidity Sweep/Swing Fail Pattern V.1,wut_trader,9381,True,https://www.tradingview.com/script/e0Zbp2mn-ICT-Liquidity-Sweep-Swing-Fail-Pattern-V-1/,swing
PUB;1356,Ehlers Instantaneous Trend [LazyBear],LazyBear,9274,True,https://www.tradingview.com/script/DaHLcICg-Ehlers-Instantaneous-Trend-LazyBear/,trend
PUB;2c5c233f31444ce19b94f975d981fb2a,Trend Duration Forecast [ChartPrime],ChartPrime,9190,True,https://www.tradingview.com/script/L3SJFfAQ-Trend-Duration-Forecast-ChartPrime/,trend
PUB;5b9c54574be94a79b952837ea3e2258a,Swing Volume Profiles [LuxAlgo],LuxAlgo,9155,True,https://www.tradingview.com/script/Ai8Heos2-Swing-Volume-Profiles-LuxAlgo/,volume
PUB;0bff41a2e53b4a59a287b775103d8b3a,Smart Money Concepts by WeloTrades,WeloTrades,9087,True,https://www.tradingview.com/script/VpqHOSip-Smart-Money-Concepts-by-WeloTrades/,smart money
PUB;b96fdd470dac47d1a227d8aae88bdbb4,Volume SuperTrend AI (Expo),Zeiierman,8953,True,https://www.tradingview.com/script/eTgP2ymK-Volume-SuperTrend-AI-Expo/,volume
PUB;93bf99d8fea64cb583560f518b21d030,False Breakout (Expo),Zeiierman,8936,True,https://www.tradingview.com/script/vz0bVIJo-False-Breakout-Expo/,breakout
PUB;3dc0f4d5ece74d869610cbcbdca1b297,Fibo Levels with Volume Profile and Targets [ChartPrime],ChartPrime,8885,True,https://www.tradingview.com/script/3pQjf5YJ-Fibo-Levels-with-Volume-Profile-and-Targets-ChartPrime/,volume
PUB;2553,Fractal Breakout Strategy (by ChartArt),ChartArt,8821,True,https://www.tradingview.com/script/EjLwVtgp-Fractal-Breakout-Strategy-by-ChartArt/,breakout
PUB;OT51QCwJZ38IpOqLLyXRpyb6FlLJaZfw,Twin Optimized Trend Tracker Strategy TOTT,KivancOzbilgic,8707,True,https://www.tradingview.com/script/eENf7NpJ-Twin-Optimized-Trend-Tracker-Strategy-TOTT/,trend
PUB;nngZVuIMCzoyqWycjy4sMxA6sDueecSM,BEST Supertrend CCI,Daveatt,8699,True,https://www.tradingview.com/script/sT01CTxB-BEST-Supertrend-CCI/,supertrend
PUB;9a31b41ec8bf4d26ad4403fce4f1414d,Reversal Candlestick Structure [LuxAlgo],LuxAlgo,8690,True,https://www.tradingview.com/script/CY3LNujo-Reversal-Candlestick-Structure-LuxAlgo/,reversal
PUB;fa3dfbca64d34a8c86512510feab7001,Swing Failure Pattern (SFP) [LuxAlgo],LuxAlgo,8678,True,https://www.tradingview.com/script/YmWELClV-Swing-Failure-Pattern-SFP-LuxAlgo/,swing
PUB;84da7a14bfe64823a1246e4d5b0f7c80,CVD - Cumulative Volume Delta (Chart),TradingView,8581,True,https://www.tradingview.com/script/hFcy7CIq-CVD-Cumulative-Volume-Delta-Chart/,volume
PUB;091bb46c2b8b45718c46b487a8fa46ac,HEMA Trend Levels [AlgoAlpha],AlgoAlpha,8578,True,https://www.tradingview.com/script/WClHCU5Q-HEMA-Trend-Levels-AlgoAlpha/,trend
PUB;f2a1a82b1a4741e0a217433d9cc9398f,Smart Money Breakout Signals [AlgoAlpha],AlgoAlpha,8542,True,https://www.tradingview.com/script/IV6eZF3w-Smart-Money-Breakout-Signals-AlgoAlpha/,breakout
PUB;cebc6086e963488a8dbad6ec7d57bc72,SMC Community [algoat] — Smart Money Concepts,algoat,8542,False,https://www.tradingview.com/script/wZs9AVCk-SMC-Community-algoat-Smart-Money-Concepts/,smart money
PUB;6446a694829a41dc903d2a73112ba9d7,ENVELOPE RSI - Buy Sell Signals,Saleh_Toodarvari,8507,True,https://www.tradingview.com/script/nVvltKvo-ENVELOPE-RSI-Buy-Sell-Signals/,buy sell signal
PUB;a29523ff015b4c85ae24d49c38ee29f1,Volume Footprint Voids [BigBeluga],BigBeluga,8490,True,https://www.tradingview.com/script/ZMxB93wD-Volume-Footprint-Voids-BigBeluga/,volume
PUB;941adf9ad87e4f2b9439598151c6fd63,Fibonacci Projection with Volume & Delta Profile (Zeiierman),Zeiierman,8489,True,https://www.tradingview.com/script/GLLHETvz-Fibonacci-Projection-with-Volume-Delta-Profile-Zeiierman/,volume
PUB;BYXZzZURrThJMlooOHJ0Y8fvakd4oRPZ,Trendlines - JD,Duyck,8296,True,https://www.tradingview.com/script/mpeEgn5J-Trendlines-JD/,trend
PUB;ff1a0136336340f38e908eeb12ea33aa,Volume Gaps & Imbalances (Zeiierman),Zeiierman,8163,True,https://www.tradingview.com/script/Q7YQQq7g-Volume-Gaps-Imbalances-Zeiierman/,volume
PUB;ac89beb2d9584e238e827871ded52dd5,Breakout Targets [AlgoAlpha],AlgoAlpha,8138,True,https://www.tradingview.com/script/JY7Rjrsi-Breakout-Targets-AlgoAlpha/,breakout
PUB;VpMRD4lV00SXyEy41PlOFvXMkiaIBM7p,[RS]ZigZag Percent Reversal - Forecast - patterns - labels,RicardoSantos,8137,True,https://www.tradingview.com/script/seTYoI2K-RS-ZigZag-Percent-Reversal-Forecast-patterns-labels/,reversal
PUB;449,Trend Trader Strategy,HPotter,8127,True,https://www.tradingview.com/script/j1etwXMQ-Trend-Trader-Strategy/,trend
PUB;fd4b548a723d48118abc341a0a20c579,Volume Sentiment Breakout Channels [AlgoAlpha],AlgoAlpha,8070,True,https://www.tradingview.com/script/t2D9irXp-Volume-Sentiment-Breakout-Channels-AlgoAlpha/,breakout
PUB;1642,Reversal Candle Pattern SetUp ,cristian.d,8058,True,https://www.tradingview.com/script/dk2Rl4xb-Reversal-Candle-Pattern-SetUp/,reversal
PUB;cf6dc608d8cd496caa1d4e2d90b26243,RSI Momentum Divergence Zones [ChartPrime],ChartPrime,8052,True,https://www.tradingview.com/script/x3KNfmR3-RSI-Momentum-Divergence-Zones-ChartPrime/,momentum
PUB;bf93981b780443dfaa54f41b6e654aeb,Liquidation Reversal Signals [AlgoAlpha],AlgoAlpha,8037,True,https://www.tradingview.com/script/vOwc3W80-Liquidation-Reversal-Signals-AlgoAlpha/,reversal
PUB;46a144799e314a62b0d926f03c64209f,Optimized Trend Tracker Oscillator OTTO,KivancOzbilgic,8024,True,https://www.tradingview.com/script/W3BqP7Nq-Optimized-Trend-Tracker-Oscillator-OTTO/,trend
PUB;d7963fa132134e1faf23f3856e963b99,Momentum Shift [Bigbeluga],BigBeluga,7975,True,https://www.tradingview.com/script/frV6xCiE-Momentum-Shift-Bigbeluga/,momentum
PUB;428,Indicators: Volume-Weighted MACD Histogram & Sentiment Zone Osc,LazyBear,7963,True,https://www.tradingview.com/script/fhPYhWYA-Indicators-Volume-Weighted-MACD-Histogram-Sentiment-Zone-Osc/,volume
PUB;48da7933608a4a6fb564667f6208d11e,"Volume Suite - By Leviathan (CVD, Volume Delta, Relative Volume)",LeviathanCapital,7936,True,https://www.tradingview.com/script/YNMTwt1n-Volume-Suite-By-Leviathan-CVD-Volume-Delta-Relative-Volume/,volume
PUB;5c9fefba47424d3ebdbbf5f305cad433,Volume-Trend Order Block Engine [BigBeluga],BigBeluga,7925,True,https://www.tradingview.com/script/Hkkeb8d1-Volume-Trend-Order-Block-Engine-BigBeluga/,trend
PUB;0d094652c4594b468c1bf12f7a053ad0,Radius Trend [ChartPrime],ChartPrime,7874,True,https://www.tradingview.com/script/4KIHf36j-Radius-Trend-ChartPrime/,trend
PUB;f4f19288b5cd44d4829fc6742bcdcbac,DonAlt - Smart Money Toolkit [BigBeluga],BigBeluga,7835,True,https://www.tradingview.com/script/jG8Ch07t-DonAlt-Smart-Money-Toolkit-BigBeluga/,smart money
PUB;1594,BUY & SELL VOLUME TO PRICE PRESSURE by @XeL_Arjona,xel_arjona,7810,True,https://www.tradingview.com/script/8lHtDE85-BUY-SELL-VOLUME-TO-PRICE-PRESSURE-by-XeL-Arjona/,volume
PUB;wGlsQouKeuLLidPPoTrfEanBjK5o2sNo,Candlestick Reversal System,LonesomeTheBlue,7797,True,https://www.tradingview.com/script/H5290fLn-Candlestick-Reversal-System/,reversal
PUB;kg7MmIjqn2hX5a83iNpQYkTLeFLk2USD,Volume Based Coloured Bars,KivancOzbilgic,7763,True,https://www.tradingview.com/script/8RPiMMmn-Volume-Based-Coloured-Bars/,volume
PUB;e3a9037952894af6b9ab70338a25f0b9,Cumulative Volume Delta Divergence [TradingFinder] Periodic EMA,TradingFinder,7725,True,https://www.tradingview.com/script/HvOAnchA-Cumulative-Volume-Delta-Divergence-TradingFinder-Periodic-EMA/,volume
PUB;1b4KnAzJW2KkA3FiKux4YlrilDOt1erL,TraderLion’s Enhanced Volume,TraderLion,7721,False,https://www.tradingview.com/script/yzjhAo0E-TraderLion-s-Enhanced-Volume/,volume
PUB;87158567b731451c8a1347f953921ab7,Adaptive Trend Flow [QuantAlgo],QuantAlgo,7688,True,https://www.tradingview.com/script/1ttpw8M3-Adaptive-Trend-Flow-QuantAlgo/,trend
PUB;90a5bf4ab14140758a70f8d5fb9f06e3,Trend Levels [ChartPrime],ChartPrime,7649,True,https://www.tradingview.com/script/bacXsRFN-Trend-Levels-ChartPrime/,trend
PUB;93fda84e16744b71b1fd91914a18c84f,Initial Balance Breakout Signals [LuxAlgo],LuxAlgo,7628,True,https://www.tradingview.com/script/HjvLRwvm-Initial-Balance-Breakout-Signals-LuxAlgo/,breakout
PUB;59699e73854c47c4863b11d55598449f,AI Trend Navigator [K-Neighbor],Zeiierman,7594,True,https://www.tradingview.com/script/30aLnPNh-AI-Trend-Navigator-K-Neighbor/,trend
PUB;748,Stochastic Momentum Index _ UCSgears,UDAY_C_Santhakumar,7533,True,https://www.tradingview.com/script/xd8t6hai-Stochastic-Momentum-Index-UCSgears/,momentum
PUB;m80pTlzY67KOePDzUSh0QeqwWlFF5K01,Dynamic Volume Profile,flintlockwood,7499,False,https://www.tradingview.com/script/LvtD7f6q-Dynamic-Volume-Profile/,volume
PUB;0F3eh03L0W70KP7Tata2t6I9SpoAjLnJ,STC Indicator - A Better MACD [SHK],shayankm,7483,True,https://www.tradingview.com/script/WhRRThMI-STC-Indicator-A-Better-MACD-SHK/,trend
PUB;56816eee0d9c436bbfe1ad4e20404c68,Trend Range Detector (Zeiierman),Zeiierman,7475,True,https://www.tradingview.com/script/WC3DYn1W-Trend-Range-Detector-Zeiierman/,trend
PUB;uc0IKiywaUjficIXjkiLN1z5XyLsBQS5,Trend Regularity Adaptive Moving Average [LuxAlgo],LuxAlgo,7461,True,https://www.tradingview.com/script/p8wGCPi6-Trend-Regularity-Adaptive-Moving-Average-LuxAlgo/,trend
PUB;viJbF7DeMAJE8FZHwRhflmjdZQEQ8hqW,SuperTrend Oscillator [LuxAlgo],LuxAlgo,7452,True,https://www.tradingview.com/script/dVau7zqn-SuperTrend-Oscillator-LuxAlgo/,supertrend
PUB;15ce6d464bfb4c42b0fe3370bed6cae2,Swing Breakout Sequence [LuxAlgo],LuxAlgo,7435,True,https://www.tradingview.com/script/LZIqzxDq-Swing-Breakout-Sequence-LuxAlgo/,breakout
PUB;6663950b80b4453082553dc21fd4a757,Smart Money Volume Index [AlgoAlpha],AlgoAlpha,7402,True,https://www.tradingview.com/script/WBJhew74-Smart-Money-Volume-Index-AlgoAlpha/,volume
PUB;6373d74a197f4b6297f16edd72ab19c8,Multi-Layer Volume Profile [BigBeluga],BigBeluga,7383,True,https://www.tradingview.com/script/5QtH3KYD-Multi-Layer-Volume-Profile-BigBeluga/,volume
PUB;a7xsrJkK2RpZFIR18wBX02FVlE3wpHW2,Volume Profile Free Pro (25 Levels Value Area VWAP) by RRB,RagingRocketBull,7372,True,https://www.tradingview.com/script/wLN1VRPl-Volume-Profile-Free-Pro-25-Levels-Value-Area-VWAP-by-RRB/,volume
PUB;OiATJRgWbBGGI50ztzYICJfOo51DpagY,Trend Meter,Lij_MC,7364,True,https://www.tradingview.com/script/Ciurp4Qn-Trend-Meter/,trend
PUB;b31771ec29f44adfb52203f16cbef605,Market Flow Trend Lines & Liquidity [LuxAlgo],LuxAlgo,7348,False,https://www.tradingview.com/script/xEV9iqlj-Market-Flow-Trend-Lines-Liquidity-LuxAlgo/,trend
PUB;GdkmXaTINI8knwuCrctQD1pB5dFaRnyr,SwingArm ATR Trend Indicator,vsnfnd,7287,True,https://www.tradingview.com/script/Dxc0Pi3n-SwingArm-ATR-Trend-Indicator/,trend
PUB;gB8ai4mV21OX0TGmfQftgF6E9jPxasCN,Optimized Trend Tracker Bands,KivancOzbilgic,7279,True,https://www.tradingview.com/script/jD7ioJ1Y-Optimized-Trend-Tracker-Bands/,trend
PUB;42af0c00136b444b918a15e6cb30e896,%R Trend Exhaustion [upslidedown],upslidedown,7268,True,https://www.tradingview.com/script/8r6oARMe-R-Trend-Exhaustion-upslidedown/,trend
PUB;CrChG7wDRHUxH29h42VHOXU4IXzVCce5,Auto Trendline with Alert [TORYS],matsu_bitmex,7256,False,https://www.tradingview.com/script/eTU6Pqvl-Auto-Trendline-with-Alert-TORYS/,trend
PUB;amQ74UujnKCFng6IIcnWuOx5GrClHKqO,SWING TRADE SIGNALS,nicks1008,7236,True,https://www.tradingview.com/script/M7FfrxRY-SWING-TRADE-SIGNALS/,swing
PUB;1f1c092d6a7c47bdb360b667e4725c04,[@btc_charlie] Trader XO Macro Trend Scanner,btc_charlie,7209,True,https://www.tradingview.com/script/Q95qqFgC-btc-charlie-Trader-XO-Macro-Trend-Scanner/,trend
PUB;50c1b1301131433dbd11a388ec124b70,N Bar Reversal Detector [LuxAlgo],LuxAlgo,7207,True,https://www.tradingview.com/script/efR5fu0R-N-Bar-Reversal-Detector-LuxAlgo/,reversal
PUB;Dm28k0ykaChrMtYlYyjL9gfX2Vn5tkW2,Donchian Trend Ribbon,LonesomeTheBlue,7181,True,https://www.tradingview.com/script/PxLqmP8o-Donchian-Trend-Ribbon/,trend
PUB;f0570a08d83040ffb25bfcc562f0d9c0,SMC + OB + FVG + Reversal + UT Bot + Hull Suite – by Fatich.id,fatich_id,7179,True,https://www.tradingview.com/script/wNTPGOlm-SMC-OB-FVG-Reversal-UT-Bot-Hull-Suite-by-Fatich-id/,reversal
PUB;c3cf0489725d4f85981692df678b1606,Zigzag Trend/Divergence Detector,Trendoscope,7147,True,https://www.tradingview.com/script/vnzbp63L-Zigzag-Trend-Divergence-Detector/,trend
PUB;ea0f021d6b0947e79a3b0d1437028bee,Trend Lines [LuxAlgo],LuxAlgo,7121,True,https://www.tradingview.com/script/vE8YNVgM-Trend-Lines-LuxAlgo/,trend
PUB;97cea8f31a3c41b186b3e268df654e50,Future Trend Channel [ChartPrime],ChartPrime,7114,True,https://www.tradingview.com/script/facvguC8-Future-Trend-Channel-ChartPrime/,trend
PUB;QyDEhGL8DBRp0dSHvun5TTcwgM2HiKVn,Anti-Volume Stop Loss,Rafka,7112,True,https://www.tradingview.com/script/GpvwlRQm-Anti-Volume-Stop-Loss/,volume
PUB;4213,Stochastic Momentum Index (SMI),surjithctly,7093,True,https://www.tradingview.com/script/HLbqdCku-Stochastic-Momentum-Index-SMI/,momentum
PUB;3fb104b310b84db5a558e86caaec9dd4,Kalman Trend Levels [BigBeluga],BigBeluga,7082,True,https://www.tradingview.com/script/DZo2pzhg-Kalman-Trend-Levels-BigBeluga/,trend
PUB;c615ce4f310846f0ad4a3887584628d2,Auto Harmonic Pattern - Extreme [Trendoscope],Trendoscope,7059,False,https://www.tradingview.com/script/3IrFGqVZ-Auto-Harmonic-Pattern-Extreme-Trendoscope/,trend
PUB;cadbb4cd9a934f43bb6ce05010ec2b96,DeltaFlow Volume Profile [BigBeluga],BigBeluga,7039,True,https://www.tradingview.com/script/JUWuAXdx-DeltaFlow-Volume-Profile-BigBeluga/,volume
PUB;TKvY27Zh9a08S1Q9UtPMyHwdPnTLAA1T,"Trend Lines for RSI, CCI, Momentum, OBV",LonesomeTheBlue,7022,True,https://www.tradingview.com/script/TDat20sO-Trend-Lines-for-RSI-CCI-Momentum-OBV/,momentum
PUB;e4d25a95abea4ff1b2730bdac4cf0aca,Swing Data - ADR% / RVol / PVol / Float % / Avg $ Vol,jfsrev,6985,True,https://www.tradingview.com/script/uloAa2EI-Swing-Data-ADR-RVol-PVol-Float-Avg-Vol/,swing
PUB;fb6471a4d9d84f8ebaf879ba690d6b23,CVD - Cumulative Volume Delta Candles,TradingView,6949,True,https://www.tradingview.com/script/NlM312nK-CVD-Cumulative-Volume-Delta-Candles/,volume
PUB;5a06620514b14004ad71f51cf639a8f0,Breakout Pattern Setup [WillyAlgoTrader],WillyAlgoTrader,6910,True,https://www.tradingview.com/script/MaFckffw-Breakout-Pattern-Setup-WillyAlgoTrader/,breakout
PUB;421,Indicators: Better Volume Indicator & InstrumentVolume,LazyBear,6884,True,https://www.tradingview.com/script/LfVJhuir-Indicators-Better-Volume-Indicator-InstrumentVolume/,volume
PUB;9621cb50c937490cbb0daf2fc88a8312,Fair Value Gaps (Volumetric) | Flux Charts,fluxchart,6884,True,https://www.tradingview.com/script/W4oyz3qC-Fair-Value-Gaps-Volumetric-Flux-Charts/,volume
PUB;7e9cf40f672c4ab88ac70c580a327870,TTM Squeeze Pro,Beardy_Fred,6811,True,https://www.tradingview.com/script/0drMdHsO-TTM-Squeeze-Pro/,squeeze
PUB;ZhWiFvtpwEdOcFNXdkSpkRMy3Wub8BG8,Optimized Trend Tracker STRATEGY & SCREENER,KivancOzbilgic,6811,True,https://www.tradingview.com/script/HPbRZvsV-Optimized-Trend-Tracker-STRATEGY-SCREENER/,trend
PUB;7a7be290ea2f44129aca567944fe8bf1,Smart Money Concepts (Advanced),robbatt,6768,True,https://www.tradingview.com/script/srwLDKbR-Smart-Money-Concepts-Advanced/,smart money
PUB;206131a9cac449b6b0ef8d8164db157a,High Volume Points [BigBeluga],BigBeluga,6751,True,https://www.tradingview.com/script/tCVDlpdV-High-Volume-Points-BigBeluga/,volume
PUB;66e1861dbd2f443eac0580763da0dfc5,Range Breakout [BigBeluga],BigBeluga,6720,True,https://www.tradingview.com/script/WogNpPBX-Range-Breakout-BigBeluga/,breakout
PUB;172,AK  TREND ID v1.00,Algokid,6699,True,https://www.tradingview.com/script/E9LpD2M9-AK-TREND-ID-v1-00/,trend
PUB;MKFRAehs5kfFnVG7m6oBVDLKARuKjrq9,Squeeze Momentum Indicator [LazyBear] Version2 by KıvanÇ fr3762,KivancOzbilgic,6609,True,https://www.tradingview.com/script/NVzKGYFJ-Squeeze-Momentum-Indicator-LazyBear-Version2-by-K-van-fr3762/,squeeze
PUB;c78da9ac73324113b1fdf78126efdd1a,Auto TrendLines [TradingFinder] Support Resistance Signal Alerts,TradingFinder,6589,True,https://www.tradingview.com/script/hZyLPfdY-Auto-TrendLines-TradingFinder-Support-Resistance-Signal-Alerts/,trend
PUB;NaQbTxWuTHRgvRSL1ITujaopNlndbQfy,TKP T3 Trend With Psar Barcolor,Bjorgum,6585,True,https://www.tradingview.com/script/5zoE62bC-TKP-T3-Trend-With-Psar-Barcolor/,trend
PUB;w8AGUxcVEEUuQrjMmvy1MDjiwu6VimQa,Volume Flow v3,oh92,6577,True,https://www.tradingview.com/script/8lJwk8bm-Volume-Flow-v3/,volume
PUB;lyseCHx5S9AnX6Jev3IitTY7xxQ5gjWo,Accurate Swing Trading System,ceyhun,6568,True,https://www.tradingview.com/script/vkAechsb-Accurate-Swing-Trading-System/,swing
PUB;f1464ad5b7524b30a9a22939ddf2ad68,Pivot Trendlines with Breaks [HG],HoanGhetti,6550,True,https://www.tradingview.com/script/0ecaiSnU-Pivot-Trendlines-with-Breaks-HG/,trend
PUB;885b528c247c4145b65d31887af14b15,Breakout and Retest Signals [AlgoAlpha],AlgoAlpha,6549,True,https://www.tradingview.com/script/uVMEuASg-Breakout-and-Retest-Signals-AlgoAlpha/,breakout
PUB;Ikz8gpdu8lcAleY2uhOwLQnrWjBx2Rk6,Weis Wave Volume,modhelius,6543,True,https://www.tradingview.com/script/QrCFs0K2-Weis-Wave-Volume/,volume
PUB;50f45a1432fa472982177bf64758d0b9,Swing Failure Signals [AlgoAlpha],AlgoAlpha,6522,True,https://www.tradingview.com/script/DfrB47gs-Swing-Failure-Signals-AlgoAlpha/,swing
PUB;37fcf34dfe0d401fa43d8bada41077d7,VWAP Volume Profile [BigBeluga],BigBeluga,6477,True,https://www.tradingview.com/script/4v1ExKvr-VWAP-Volume-Profile-BigBeluga/,volume
PUB;018caa0c03444186a11399f9d1a679d4,HTF Reversal Divergences [LuxAlgo],LuxAlgo,6457,True,https://www.tradingview.com/script/ZF0M3jqb-HTF-Reversal-Divergences-LuxAlgo/,reversal
PUB;d4365915b7bb46279a75ede428141198,Cumulative Volume Delta Strategy | Flux Charts,fluxchart,6432,True,https://www.tradingview.com/script/95Wwe7ry-Cumulative-Volume-Delta-Strategy-Flux-Charts/,volume
PUB;c61e4a062a284871841f3bde06c57b3e,Supertrend - Ladder ATR,Trendoscope,6377,True,https://www.tradingview.com/script/8EZaD3CW-Supertrend-Ladder-ATR/,trend
PUB;1845acacb9ff4269ad56457ada9cd5bd,NR4 & NR7 with Breakouts [LuxAlgo],LuxAlgo,6363,True,https://www.tradingview.com/script/sA6AFgk7-NR4-NR7-with-Breakouts-LuxAlgo/,breakout
PUB;a301e8735141418c86feb872d423f8ed,Trend Impulse Channels (Zeiierman),Zeiierman,6345,True,https://www.tradingview.com/script/d3IaFa7c-Trend-Impulse-Channels-Zeiierman/,trend
PUB;anfDPavOwksgu1En0WMWedyXle06i3xz,Multi Time Frame Candles with Volume Info / 3D,LonesomeTheBlue,6286,True,https://www.tradingview.com/script/BcuQpa0q-Multi-Time-Frame-Candles-with-Volume-Info-3D/,volume
PUB;c60b8360136e4c709c5c08edfa7a14ef,True Breakout Pattern [TradingFinder] Breakout Signal Indicator,TradingFinder,6238,True,https://www.tradingview.com/script/cqT6YFIc-True-Breakout-Pattern-TradingFinder-Breakout-Signal-Indicator/,breakout
PUB;6e15799a24584b1297810538d85bbfdf,Supertrend Channels [LuxAlgo],LuxAlgo,6226,True,https://www.tradingview.com/script/ECSfVssE-Supertrend-Channels-LuxAlgo/,supertrend
PUB;GBuW7F4w8Pfue23Mwqm0GMhUw3D6WxDU,Mix1 : Ema Cross + Trend Channel [Gu5],gu5tavo71,6203,True,https://www.tradingview.com/script/YflOVb17-Mix1-Ema-Cross-Trend-Channel-Gu5/,trend
PUB;d3u0ggAT2HWTfD1jS3TJGKG3vpEDRoyS,Buying Selling Volume,ceyhun,6198,True,https://www.tradingview.com/script/f32HlgbI-Buying-Selling-Volume/,volume
PUB;f1b44aa1b4a44b1385b30748fe4fd973,Premium & Discount Delta Volume [BigBeluga],BigBeluga,6198,True,https://www.tradingview.com/script/w2h0hPP2-Premium-Discount-Delta-Volume-BigBeluga/,volume
PUB;3ef5dc913c8b4c26969b44b00797d184,Clusters Volume Profile [LuxAlgo],LuxAlgo,6191,True,https://www.tradingview.com/script/lpnsjMbH-Clusters-Volume-Profile-LuxAlgo/,volume
PUB;57b5893b16464f31aab87be8ec2007da,Liquidity Trendline With Signals [BigBeluga],BigBeluga,6178,True,https://www.tradingview.com/script/ifRfWkQT-Liquidity-Trendline-With-Signals-BigBeluga/,trend
PUB;GRqiPmwQizdbUjrEoKrkGkcV0cZrms6y,FIG - Volume Spread analysis ,HariprasathGopal,6162,False,https://www.tradingview.com/script/uPXAQIp1-FIG-Volume-Spread-analysis/,volume
PUB;3b3ebba156574e058cc8ae73dc5c7fa2,Volume Profile Bar-Magnified Order Blocks [MyTradingCoder],MaglebySystems,6156,True,https://www.tradingview.com/script/n5WMDywt-Volume-Profile-Bar-Magnified-Order-Blocks-MyTradingCoder/,volume
PUB;f6a1ddeb222244ea9c773e79357c7c08,Reversal Trap Probability Bands [BigBeluga],BigBeluga,6146,True,https://www.tradingview.com/script/fcmOq240-Reversal-Trap-Probability-Bands-BigBeluga/,reversal
PUB;ba7bd3c4701b44da89b63c76c64a1a03,Smart Money Range [ChartPrime],ChartPrime,6138,True,https://www.tradingview.com/script/84zEwHEm-Smart-Money-Range-ChartPrime/,smart money
PUB;a43a1a46dbf54fffb6eec4330fdd6b3a,Order Blocks Volume Delta 3D | Flux Charts,fluxchart,6125,True,https://www.tradingview.com/script/EtDoAmOi-Order-Blocks-Volume-Delta-3D-Flux-Charts/,volume
PUB;4db6403361014842908264174c51821f,Price & Volume Profile (Expo),Zeiierman,6118,True,https://www.tradingview.com/script/PMCQfmCE-Price-Volume-Profile-Expo/,volume
PUB;1c4eevEq9Ckl0baiyQMAwx4pf1NKHOK4,Volume spread for VSA,HariprasathGopal,6104,False,https://www.tradingview.com/script/rsfpep1O-Volume-spread-for-VSA/,volume
PUB;0JAQUFksLwlhTO8KYgTx9tMt7DhTpAaI,Intraday Volume Swings,rumpypumpydumpy,6098,True,https://www.tradingview.com/script/dFY6oRQi-Intraday-Volume-Swings/,volume
PUB;28afac09b82a44ff92f8f14e54c45ac6,Smart Breakout Targets [WillyAlgoTrader],WillyAlgoTrader,6073,True,https://www.tradingview.com/script/X6oAyAdo-Smart-Breakout-Targets-WillyAlgoTrader/,breakout
PUB;HzzEa1Y1JVa5rOQqEUO3zRNSIhSlViuo,Supertrend MTF Heikin Ashi,LonesomeTheBlue,6067,True,https://www.tradingview.com/script/aT1OvmPJ-Supertrend-MTF-Heikin-Ashi/,supertrend
PUB;d445c5b82a794a0095040c4910e63bc0,ABC on Recursive Zigzag [Trendoscope],Trendoscope,6038,True,https://www.tradingview.com/script/RGNBIIcD-ABC-on-Recursive-Zigzag-Trendoscope/,trend
PUB;5bfc8355aa774a2c8d907157b10143cb,Divergence Screener [Trendoscope®],Trendoscope,6011,True,https://www.tradingview.com/script/zewvHAvQ-Divergence-Screener-Trendoscope/,trend
PUB;b3db54283895429ebc1d96bb7d8d4d66,Anchored Volume Profile by DGT,dgtrd,5990,False,https://www.tradingview.com/script/Xk8ujRQB-Anchored-Volume-Profile-by-DGT/,volume
PUB;GlCrbKlmiSFDcpGH61i0cbllK9Q7RQiL,Volume Supply and Demand Zones,Heavy91,5966,False,https://www.tradingview.com/script/lD7Vybmb-Volume-Supply-and-Demand-Zones/,volume
PUB;c53f5bc4e2fb49eab79403fdfd9ea08c,Swing High/Low (ZigZag) [ChartPrime],ChartPrime,5932,True,https://www.tradingview.com/script/91qV64vV-Swing-High-Low-ZigZag-ChartPrime/,swing
PUB;6cf36a7802554f93aeee0a651a825359,RedK Volume-Accelerated Directional Energy Ratio (RedK VADER),RedKTrader,5923,True,https://www.tradingview.com/script/7s0lx2Bw-RedK-Volume-Accelerated-Directional-Energy-Ratio-RedK-VADER/,volume
PUB;ef7bedf86b0541d3b5c814e19dfc9cd8,Volume Footprint [LuxAlgo],LuxAlgo,5915,True,https://www.tradingview.com/script/cdU6E9rm-Volume-Footprint-LuxAlgo/,volume
PUB;91ff446fe08b409b9ed63022db8d359a,Volume Profile Plus,AlphaViz,5898,True,https://www.tradingview.com/script/Lh5drG70-Volume-Profile-Plus/,volume
PUB;3ace55eba2e34d089aaae3be62fb9313,Extreme Trend Reversal Points [HeWhoMustNotBeNamed],Trendoscope,5872,True,https://www.tradingview.com/script/eBB5mW6b-Extreme-Trend-Reversal-Points-HeWhoMustNotBeNamed/,trend
PUB;68a59b1fc01246789ae4faa0c47b1ff1,Machine Learning Supertrend [Aslan],Zimord,5849,True,https://www.tradingview.com/script/9SgtsBck-Machine-Learning-Supertrend-Aslan/,supertrend
PUB;qADnaAfCPpBEGLqLJaMaVZrYTmlIHPGN,Delta Volume Candles [LucF],LucF,5808,True,https://www.tradingview.com/script/h0yZPTiS-Delta-Volume-Candles-LucF/,volume
PUB;db431e404c484791995bf014703ff426,Activity and Volume Orderflow Profile [AlgoAlpha],AlgoAlpha,5801,True,https://www.tradingview.com/script/r9x4Zp25-Activity-and-Volume-Orderflow-Profile-AlgoAlpha/,volume
PUB;qWR3zchFUvDWxppgUFDRJXUF0xWEwvn5,Triangular Momentum Oscillator & Real Time Divergences [LuxAlgo],LuxAlgo,5777,True,https://www.tradingview.com/script/0XxPH6A2-Triangular-Momentum-Oscillator-Real-Time-Divergences-LuxAlgo/,momentum
PUB;2b92666defc14270a7d4d6ade0e3ba3e,buy/sell signals with Support/Resistance (InvestYourAsset),InvestyourAsset,5762,True,https://www.tradingview.com/script/fa5ADgD2-buy-sell-signals-with-Support-Resistance-InvestYourAsset/,buy sell signal
PUB;LLDfQly5a5pIeUmBtQP0Sxdh0SSioYYx,Momentum Acceleration by DGT,dgtrd,5757,True,https://www.tradingview.com/script/BmXmwmnE-Momentum-Acceleration-by-DGT/,momentum
PUB;6ngCjvsC6XYNVq7O1GskmUZbrbbu9YlK,VOLUME WEIGHTED MACD V2 VWMACDV2 BY KIVANÇ fr3762,KivancOzbilgic,5753,True,https://www.tradingview.com/script/wVe6AfGA-VOLUME-WEIGHTED-MACD-V2-VWMACDV2-BY-KIVAN-fr3762/,volume
PUB;317e91d708434bce82f349a8a0cee9b7,Market Trend Levels Detector [BigBeluga],BigBeluga,5733,True,https://www.tradingview.com/script/elXkIOoM-Market-Trend-Levels-Detector-BigBeluga/,trend
PUB;aa1f1df5f3674130a549581bf813d403,Breakout Volume Delta | Flux Charts,fluxchart,5724,True,https://www.tradingview.com/script/BsWaPtEz-Breakout-Volume-Delta-Flux-Charts/,breakout
PUB;d3c06abad69d4dc4aa77a4ae0849216a,Market Structure Trend Targets [ChartPrime],ChartPrime,5714,True,https://www.tradingview.com/script/F3b5dGLx-Market-Structure-Trend-Targets-ChartPrime/,trend
PUB;7f1fb0c22477433bb9da969af92e69dd,Volumetric Order Flow Structure [LuxAlgo],LuxAlgo,5698,True,https://www.tradingview.com/script/Xm3bgeHB-Volumetric-Order-Flow-Structure-LuxAlgo/,volume
PUB;1a040486489047b999a47d35768652ea,Volume Analysis - Heatmap and Volume Profile,LonesomeTheBlue,5661,True,https://www.tradingview.com/script/lPEr4QCA-Volume-Analysis-Heatmap-and-Volume-Profile/,volume
PUB;e07b85275fd54c449486bee7cb2d6d6c,Swing Anchored Vwap [BigBeluga],BigBeluga,5660,True,https://www.tradingview.com/script/raqN2Ifz-Swing-Anchored-Vwap-BigBeluga/,swing
PUB;rzuOQrVQWtyYE5KOJgZwyuxPp3KPvW6r,Trendlines 2x +,Lij_MC,5648,True,https://www.tradingview.com/script/wmfD15eY-Trendlines-2x/,trend
PUB;fb82d3413b4a47a59a8a5d2b2fc7e987,Volume HeatMap Divergence [BigBeluga],BigBeluga,5633,True,https://www.tradingview.com/script/3DTOFolH-Volume-HeatMap-Divergence-BigBeluga/,volume
PUB;vJ2yXZ5IGYvSB8aZwIEq0fDkZLon4zvM,Poor man's volume clusters,IldarAkhmetgaleev,5618,True,https://www.tradingview.com/script/eksYnVaP-Poor-man-s-volume-clusters/,volume
PUB;ccd86a8092244a54a635c1ba20a3f5bf,Wolfe Scanner (Multi - zigzag) [HeWhoMustNotBeNamed],Trendoscope,5612,True,https://www.tradingview.com/script/fVPGXfB3-Wolfe-Scanner-Multi-zigzag-HeWhoMustNotBeNamed/,trend
PUB;cvG2DjaryvOrQIoNCijC4Sqs10YduL6a,Volume Divergence by MM,baymucuk,5538,True,https://www.tradingview.com/script/oOODs8xN-Volume-Divergence-by-MM/,volume
PUB;ElWlGJXgiJ5NrTpwYnG3AhZXvoe9oOWN,Bull Bear Power Trend,Dreadblitz,5532,True,https://www.tradingview.com/script/wjlDy5tV-Bull-Bear-Power-Trend/,trend
PUB;2443,"Intraday TS ,BB + Buy/Sell +Squeeze Mom.+ adx-dmi",MarcoValente,5527,True,https://www.tradingview.com/script/opkkK4oM-Intraday-TS-BB-Buy-Sell-Squeeze-Mom-adx-dmi/,squeeze
PUB;8gxbalq5jCucXm39kYuPmpbbE71l54iQ,Super trend V,RafaelZioni,5527,True,https://www.tradingview.com/script/hUbFSPLh-Super-trend-V/,trend
PUB;BhSRymxQyVzDBmugdJqpjKKldEl6ZzSp,Trend Following Moving Averages,LonesomeTheBlue,5524,True,https://www.tradingview.com/script/9UiewdMD-Trend-Following-Moving-Averages/,trend
PUB;QdvCsWAzYBWCLRw1IHFOTQoyP8tsHSah,TDI - Traders Dynamic Index + RSI Divergences + Buy/Sell Signals,ZyadaCharts,5521,True,https://www.tradingview.com/script/6PNr92Bb-TDI-Traders-Dynamic-Index-RSI-Divergences-Buy-Sell-Signals/,buy sell signal
PUB;6cf62fad41214d5fa275d3f576e3249f,Momentum Ghost Machine [ChartPrime],ChartPrime,5510,True,https://www.tradingview.com/script/GGVVdaUk-Momentum-Ghost-Machine-ChartPrime/,momentum
PUB;f799214ad7f14c1ba35f5ce04ab7c640,Whale Liquidity and Absorption Profile [AlgoAlpha],AlgoAlpha,5496,True,https://www.tradingview.com/script/cWm8UcfQ-Whale-Liquidity-and-Absorption-Profile-AlgoAlpha/,whale
PUB;SHzkHrJMjwRHA2EEjGujkoXPk1VZfVZT,Xtreme Trend,KachraStocks,5466,False,https://www.tradingview.com/script/cwEr7pyq-Xtreme-Trend/,trend
PUB;ntbLW2WSIdgmvjmowBnedwe5GLjSP3jv,Easy Entry/Exit Trend Colors (With Alerts),countseven12,5454,True,https://www.tradingview.com/script/iheGVlUr-Easy-Entry-Exit-Trend-Colors-With-Alerts/,trend
PUB;3b9db05a48c347ffbeb571b0db5e8dbd,AI SuperTrend x Pivot Percentile - Strategy [PresentTrading],PresentTrading,5404,True,https://www.tradingview.com/script/eC3qAYNQ-AI-SuperTrend-x-Pivot-Percentile-Strategy-PresentTrading/,supertrend
PUB;Yl6GXymMoORyI3fvTknuzaUVACwBwuYp,Pivot Point SuperTrend [Backtest],LonesomeTheBlue,5390,True,https://www.tradingview.com/script/DwdC6FT4-Pivot-Point-SuperTrend-Backtest/,supertrend
PUB;4146b89756294864be69d8ea4f92876e,Reversal,HasanRifat,5367,True,https://www.tradingview.com/script/bxZXAUpf-Reversal/,reversal
PUB;b27d585558f44d679419ac2fc234c1d8,Breakout Boxes [ChartPrime],ChartPrime,5360,True,https://www.tradingview.com/script/6yyxS28p-Breakout-Boxes-ChartPrime/,breakout
PUB;9cb0d80a4d2e4e898ef0e5b9d5aab832,Evasive SuperTrend [LuxAlgo],LuxAlgo,5353,True,https://www.tradingview.com/script/tfC7w3jE-Evasive-SuperTrend-LuxAlgo/,supertrend
PUB;547f3a5fce524cdbbe42f37825815f57,Next Pivot Projection [Trendoscope],Trendoscope,5346,True,https://www.tradingview.com/script/dkSaWOLA-Next-Pivot-Projection-Trendoscope/,trend
PUB;09b256a26392412f9e3b729e210b03bc,Reversal Signals [AlgoAlpha],AlgoAlpha,5346,True,https://www.tradingview.com/script/htGbg6VL-Reversal-Signals-AlgoAlpha/,reversal
PUB;31c2c4b9a7624b2e841a59cd7d2ae6f9,Fibonacci + Support/Resistant + Trendline (Price action),TrendCrypto2022,5334,True,https://www.tradingview.com/script/HJqjyjGi-Fibonacci-Support-Resistant-Trendline-Price-action/,trend
PUB;f89d14b835e24205b98efeaddce11571,Double EMA WIth Pullback Buy Sell Signal - Smarter Algo,hanabil,5333,True,https://www.tradingview.com/script/4H3SSSTg-Double-EMA-WIth-Pullback-Buy-Sell-Signal-Smarter-Algo/,buy sell signal
PUB;CzUaiZAQyPov2OclU7rmTj7RbNbTtqYc,BEST Trend Direction Helper (Strategy Edition),Daveatt,5331,True,https://www.tradingview.com/script/dzpmnane-BEST-Trend-Direction-Helper-Strategy-Edition/,trend
PUB;PI9AIQEh1CEE6bKPcVJbs52eJ70ZnMIN,[blackcat] L3 Banker Fund Flow Trend Oscillator,blackcat1402,5326,True,https://www.tradingview.com/script/791WkWcm-blackcat-L3-Banker-Fund-Flow-Trend-Oscillator/,trend
PUB;b0e947fd20674cfcaa821fb6298e88d5,Volume Profile Auto [line],fikira,5304,True,https://www.tradingview.com/script/pTCl4kV6-Volume-Profile-Auto-line/,volume
PUB;e49d61055f354dfdb7ccab3e5a1ff4d0,Bollinger Bands Breakout Oscillator [LuxAlgo],LuxAlgo,5277,True,https://www.tradingview.com/script/YaniRMVC-Bollinger-Bands-Breakout-Oscillator-LuxAlgo/,breakout
PUB;bf6c3d4744be458db3a63fb9555e5352,Price and Volume Breakout Buy Strategy [TradeDots],tradedots,5256,True,https://www.tradingview.com/script/jc2hs2qK-Price-and-Volume-Breakout-Buy-Strategy-TradeDots/,breakout
PUB;891a96497b1f41c2ae6eb73cc0a0e808,Volume-Weighted Order Block Zones [BigBeluga],BigBeluga,5219,True,https://www.tradingview.com/script/KcnNgwDI-Volume-Weighted-Order-Block-Zones-BigBeluga/,volume
PUB;d5748870fddf40ee9b4540a9b96af2e2,Volume Delta [hapharmonic],hapharmonic,5206,True,https://www.tradingview.com/script/n4NK9sLH-Volume-Delta-hapharmonic/,volume
PUB;f4cd30cd7fad4abfa434c0bea2cc431b,Realtime Volume Bars w Market Buy/Sell/Neutral split & Mkt Delta,the_MarketWhisperer,5191,True,https://www.tradingview.com/script/vUjWu5E7-Realtime-Volume-Bars-w-Market-Buy-Sell-Neutral-split-Mkt-Delta/,volume
PUB;61e5fb3f2a0d456084265ca43ef6741a,Volume Bubbles & Liquidity Heatmap [LuxAlgo],LuxAlgo,5178,True,https://www.tradingview.com/script/9B93ZOA5-Volume-Bubbles-Liquidity-Heatmap-LuxAlgo/,volume
PUB;9f9e7a2557fc4547a4d8a9f75ec6ec54,"Smart Trader, Episode 06, Isotropic Trend Lines",ata_sabanci,5156,True,https://www.tradingview.com/script/ZSgx4eSy-Smart-Trader-Episode-06-Isotropic-Trend-Lines/,trend
PUB;vMv5yOQxcA05yqaplG76VCWlyVZwFLJD,Trend Line,HarryBot,5155,True,https://www.tradingview.com/script/yxcb5SVj-Trend-Line/,trend
PUB;1851cfb358894456be4fe1ac1988f42f,Trend Filter (2-pole) [BigBeluga],BigBeluga,5143,True,https://www.tradingview.com/script/lOm2gFyk-Trend-Filter-2-pole-BigBeluga/,trend
PUB;651eec3ab8244897a190020a18427cdb,Logarithmic Regression Channel-Trend [BigBeluga],BigBeluga,5129,True,https://www.tradingview.com/script/o7ThImqK-Logarithmic-Regression-Channel-Trend-BigBeluga/,trend
PUB;22795f9c7bc548678d6339a115a3dd14,Buy/Sell Volume Totals for Period,vace117,5119,True,https://www.tradingview.com/script/BWi50XyT-Buy-Sell-Volume-Totals-for-Period/,volume
PUB;8e9e04c42cb048c98236d844d23783ae,RVOL Relative Volume - Intraday,LonesomeTheBlue,5095,True,https://www.tradingview.com/script/tCblSVVi-RVOL-Relative-Volume-Intraday/,volume
PUB;e15e52b27d234f238522c37120642c73,Volume Footprint: Measuring by Math & Geometry,ata_sabanci,5074,True,https://www.tradingview.com/script/Tm1cGCPD-Volume-Footprint-Measuring-by-Math-Geometry/,volume
PUB;42e0ed128d13420cb9dc32089fcaf61d,ATR Fibonacci Trend Envelopes [BigBeluga],BigBeluga,5069,True,https://www.tradingview.com/script/16toJPAD-ATR-Fibonacci-Trend-Envelopes-BigBeluga/,trend
PUB;354feeec5e6b46a68e6deac1005ea33b,Machine Learning Momentum Index (MLMI) [Zeiierman],Zeiierman,5059,True,https://www.tradingview.com/script/I2X9DE84-Machine-Learning-Momentum-Index-MLMI-Zeiierman/,momentum
PUB;556c9c79f3a345959422145bba66237a,"Volume Profile - Custom Range, Interactive by DGT",dgtrd,5045,False,https://www.tradingview.com/script/e0OsG8f0-Volume-Profile-Custom-Range-Interactive-by-DGT/,volume
PUB;033f4cab46d043c5a2a97f4c6f7896b3,RSI Trendlines with Breakouts,HoanGhetti,5033,True,https://www.tradingview.com/script/YcKrOcXe-RSI-Trendlines-with-Breakouts/,breakout
PUB;145,Indicator: HawkEye Volume Indicator,LazyBear,5017,True,https://www.tradingview.com/script/gci6llVF-Indicator-HawkEye-Volume-Indicator/,volume
PUB;f8d55a3a6c394027b6417e459501c05e,Smart Money Setup 01 [TradingFinder]Double Order Blocks Proof,TradingFinder,5009,True,https://www.tradingview.com/script/LnGStCwa-Smart-Money-Setup-01-TradingFinder-Double-Order-Blocks-Proof/,smart money
PUB;KbFajXHaZXIoaiN4VjSipG6Y0srYWsd1,SUPERTREND ATR WITH TRAILING STOP LOSS,exit490,4996,True,https://www.tradingview.com/script/L9GkARD2-SUPERTREND-ATR-WITH-TRAILING-STOP-LOSS/,supertrend
PUB;bd2f816c88de4a25abaf15969e1e4963,Trend Speed Analyzer (Zeiierman),Zeiierman,4990,True,https://www.tradingview.com/script/YUAV6jit-Trend-Speed-Analyzer-Zeiierman/,trend
PUB;582421244d8a4388b0bbe02a1f87bf6d,Luxy Super-Duper SuperTrend Predictor Engine and Buy/Sell signal,orenluxy,4986,True,https://www.tradingview.com/script/AcNWmGMV-Luxy-Super-Duper-SuperTrend-Predictor-Engine-and-Buy-Sell-signal/,buy sell signal
PUB;56,Smart Money Index (SMI),HPotter,4981,True,https://www.tradingview.com/script/PQEvcezt-Smart-Money-Index-SMI/,smart money
PUB;WmJGJqp7vZSeNSHcWZiyFhcvKbwbiMgq,Relative Strength of Volume Indicators by DGT,dgtrd,4979,True,https://www.tradingview.com/script/JQrHr1XY-Relative-Strength-of-Volume-Indicators-by-DGT/,volume
PUB;1fuaCxCyGJmYzOcEcML57IvElmM66Fsf,RSI Swing Signal,ZenAndTheArtOfTrading,4974,True,https://www.tradingview.com/script/FL8PP1Dg-RSI-Swing-Signal/,swing
PUB;l28jzFrWJikhCPLBkSVXOffDfdhXusaN,Trend Lines Pro for Indicators,LonesomeTheBlue,4967,False,https://www.tradingview.com/script/CtqqZm9I-Trend-Lines-Pro-for-Indicators/,trend
PUB;3f66e16b3cdd46e185d29051fdae4e98,SMT Divergence ICT 01 [TradingFinder] Smart Money Technique,TradingFinder,4967,True,https://www.tradingview.com/script/l3AfMB1k-SMT-Divergence-ICT-01-TradingFinder-Smart-Money-Technique/,smart money
PUB;3abf8ff794874c568487cb6c0fd94efc,RedK Momentum Bars (RedK Mo_Bars),RedKTrader,4951,True,https://www.tradingview.com/script/O52gURXf-RedK-Momentum-Bars-RedK-Mo-Bars/,momentum
PUB;253a8f8824454ddf96f578c020f5973a,Whalemap [BigBeluga],BigBeluga,4943,True,https://www.tradingview.com/script/8gQVo6Xn-Whalemap-BigBeluga/,whale
PUB;c75143212e894d9e996ca6162267999c,Future Swing [BigBeluga],BigBeluga,4931,True,https://www.tradingview.com/script/dcarfPRS-Future-Swing-BigBeluga/,swing
PUB;b53fd9507bd54835b1f920ceb7d6bf62,Bayesian Trend Indicator [ChartPrime],ChartPrime,4923,True,https://www.tradingview.com/script/rVEhAQDO-Bayesian-Trend-Indicator-ChartPrime/,trend
PUB;PNSKf75832zX8AsDV5fO2zuaBOt60Tqw,Volume Profile [Makit0],makit0,4918,True,https://www.tradingview.com/script/FQmVaaK9-Volume-Profile-Makit0/,volume
PUB;3b3fb96d2ba34df6b568158ec1291b86,Volume Bar Breakout and Breakdown  Indicator,iitiantradingsage,4898,True,https://www.tradingview.com/script/V2cjsLhI-Volume-Bar-Breakout-and-Breakdown-Indicator/,breakout
PUB;iPcqGIyECqAX4FvTvfrMPWKy3hq7m6t5,Momentum adjusted Moving Average by DGT,dgtrd,4897,True,https://www.tradingview.com/script/yFN4OWcB-Momentum-adjusted-Moving-Average-by-DGT/,momentum
PUB;Wziunm0kFwFvsSZhe7ODUFo3mzSGVliI,Super Trend Daily 2.0 BF,bennef,4877,True,https://www.tradingview.com/script/c4Cj7H2y-Super-Trend-Daily-2-0-BF/,trend
PUB;a90f1063e7ec4c6a916bd812bdae38ca,Stochastic Momentum Index (SMI) of Money Flow Index (MFI),andre_007,4872,True,https://www.tradingview.com/script/iCRp4B2U-Stochastic-Momentum-Index-SMI-of-Money-Flow-Index-MFI/,momentum
PUB;f4302603588044ba9b3e619628f552af,High Volume Pivot Support & Resistance Zones [BigBeluga],BigBeluga,4869,True,https://www.tradingview.com/script/AFbHxgBM-High-Volume-Pivot-Support-Resistance-Zones-BigBeluga/,volume
PUB;Bh4fLIhXKf9FgkAwCy5M8etpAnPeUdwh,Trend Magic,glaz,4801,True,https://www.tradingview.com/script/Wpy6qdyl-Trend-Magic/,trend
PUB;d348ecf341814a44b182a42fff7aa85c,Trend Lines + Figure Detect (cross) SL  + TP + RSI + Posicion,MinimalWhale,4789,False,https://www.tradingview.com/script/OsjS3pgg-Trend-Lines-Figure-Detect-cross-SL-TP-RSI-Posicion/,trend
PUB;c65da934472946d1a2af3dedcf685fe2,Reversal and Breakout Signals [AlgoAlpha],AlgoAlpha,4775,True,https://www.tradingview.com/script/fpWwOup4-Reversal-and-Breakout-Signals-AlgoAlpha/,breakout
PUB;BDzvYRqepugpRMy9CQP9G1OHf5b6x6y9,High & Low Of Custom Session - OpeningRange Breakout (Expo),Zeiierman,4762,True,https://www.tradingview.com/script/WPvRkYko-High-Low-Of-Custom-Session-OpeningRange-Breakout-Expo/,breakout
PUB;f8734584d97f4e589ad127bc8f9c3316,🔥 SMC Reversal Engine v3.5 – Clean FVG + Dashboard,renderingnature1,4748,True,https://www.tradingview.com/script/sO1DwYda-SMC-Reversal-Engine-v3-5-Clean-FVG-Dashboard/,reversal
PUB;d238631d590f4649a8963a819b9ccad4,[JL] Supertrend Zone Pivot Point with zigzag fib,Jesse.Lau,4747,True,https://www.tradingview.com/script/HrcAAGcU-JL-Supertrend-Zone-Pivot-Point-with-zigzag-fib/,supertrend
PUB;qfVTZzKZ7qxB4yTricBNeULkNlrZL0nq,KINSKI Buy-Sell Signal,KINSKI,4729,True,https://www.tradingview.com/script/4nWoGahH-KINSKI-Buy-Sell-Signal/,buy sell signal
PUB;ZweLzjnNI36r7dIh7EZt9rnSbAGgrAy5,Support-Resistance breakout,pmk07,4700,True,https://www.tradingview.com/script/hwHKYkE0-Support-Resistance-breakout/,breakout
PUB;581f4c3246564ec2895a60f862d109b8,KNN Supertrend Horizon [LuxAlgo],LuxAlgo,4672,True,https://www.tradingview.com/script/O6LjCPzY-KNN-Supertrend-Horizon-LuxAlgo/,supertrend
PUB;b882c4951f914af1a7143dc94622be13,TPG.Buy sell RSI Scapl XAU,Tpg_invest,4649,True,https://www.tradingview.com/script/UIsbTtzD-TPG-Buy-sell-RSI-Scapl-XAU/,buy sell signal
PUB;1614,Madrid Trend Squeeze,Madrid,4645,True,https://www.tradingview.com/script/9bUUSzM3-Madrid-Trend-Squeeze/,squeeze
PUB;39d920fb76d945a79842cc293d5f68c8,Supertrended RSI [AlgoAlpha],AlgoAlpha,4645,True,https://www.tradingview.com/script/tjP35RG5-Supertrended-RSI-AlgoAlpha/,supertrend
PUB;4b65b8065fed4df0be1943f439786a5e,Smart Money Setup 06 [TradingFinder] Liquidity Sweeps + OB Swing,TradingFinder,4599,True,https://www.tradingview.com/script/fXhEzxig-Smart-Money-Setup-06-TradingFinder-Liquidity-Sweeps-OB-Swing/,smart money
PUB;da14501e57474413a9beeaa09716bc54,Adaptive SuperTrend - Multi-Method,QuantCreative,4598,False,https://www.tradingview.com/script/fvbGFCpY-Adaptive-SuperTrend-Multi-Method/,supertrend
PUB;t1kzTdT4fTicriv7Yb5dmudTNBENVvBs,SUPER SUPERTREND THREE LINE PROFIT STRATEGY,MarxBabu,4548,True,https://www.tradingview.com/script/VWUqaxVO-SUPER-SUPERTREND-THREE-LINE-PROFIT-STRATEGY/,supertrend
PUB;85bb9c76dde34bf48a810bdb341ecb04,ICT FVG & Swing Detector Basic by Trader Riaz,traderriazofficial,4547,True,https://www.tradingview.com/script/KTZP1ELO-ICT-FVG-Swing-Detector-Basic-by-Trader-Riaz/,swing
PUB;b11e4253728943249f09394b266fd733,Sonarlab - Smart Money Concepts,vuetratrading,4533,False,https://www.tradingview.com/script/ZcFTuHhH-Sonarlab-Smart-Money-Concepts/,smart money
PUB;8zwOFGpACFtzdEfadzFVGY8vPoNCarWv,ARROW BUY/SELL INDICATOR FOR TRADING TATNEFT ON MOSCOW EXCHANGE,atmospherestockstrade,4526,False,https://www.tradingview.com/script/R57C5KcM-ARROW-BUY-SELL-INDICATOR-FOR-TRADING-TATNEFT-ON-MOSCOW-EXCHANGE/,buy sell signal
PUB;0558ac04adb442d098958ed101826c8b,Momentum Bias Index [AlgoAlpha],AlgoAlpha,4511,True,https://www.tradingview.com/script/oMZKratR-Momentum-Bias-Index-AlgoAlpha/,momentum
PUB;QwlVQltz0oMBn6akgeD9bdF4TilSL93U,Swing High/Low & HigherLow/LowerHigh,matsu_bitmex,4510,False,https://www.tradingview.com/script/eROt0bWE-Swing-High-Low-HigherLow-LowerHigh/,swing
PUB;ioIrrEsiRyPPPkRr5JamiFEIQulS828m,Simple Reversal Point,Dreadblitz,4472,True,https://www.tradingview.com/script/QJ5VgF0D-Simple-Reversal-Point/,reversal
PUB;cc71ed9e2a1645bf83da93b480e045d7,Breakout Detector (Previous MTF High Low Levels) [LuxAlgo],LuxAlgo,4447,True,https://www.tradingview.com/script/27kn3NDw-Breakout-Detector-Previous-MTF-High-Low-Levels-LuxAlgo/,breakout
PUB;33a30aaf759942b99c1c81f55fb1bca6,Smart Money Fibonacci OTE Engine [ChartPrime],ChartPrime,4446,True,https://www.tradingview.com/script/iR7drqnn-Smart-Money-Fibonacci-OTE-Engine-ChartPrime/,smart money
PUB;fbbb11d0c77b4d76ab1f9509105726aa,Neural Network Buy and Sell Signals,B3AR_Trades,4425,True,https://www.tradingview.com/script/pn25rKHZ-Neural-Network-Buy-and-Sell-Signals/,buy sell signal
PUB;5070216011a147a0ba30f0ad767d4158,Trend Reversal Probability [Algoalpha],AlgoAlpha,4302,True,https://www.tradingview.com/script/7gnQovYe-Trend-Reversal-Probability-Algoalpha/,reversal
PUB;Vh6SGyOD3HRNJdILOPZdhui04LNBaUYy,BEST Engulfing + Breakout Strategy,Daveatt,4301,True,https://www.tradingview.com/script/ROM3crig-BEST-Engulfing-Breakout-Strategy/,breakout
PUB;9ea6e6d65a34431db3d8f710543c2673,RSI Support & Resistance Breakouts with Orderblocks,CoffeeshopCrypto,4282,True,https://www.tradingview.com/script/Mz1GF2YH-RSI-Support-Resistance-Breakouts-with-Orderblocks/,breakout
PUB;e277915c7e374717bbe31b13536e95b8,Swing Profile Analyzer [ChartPrime],ChartPrime,4271,True,https://www.tradingview.com/script/8S40eYNi-Swing-Profile-Analyzer-ChartPrime/,swing
PUB;M8AKuon90neWZ3QxSDNAIuC5LtpkKd5M,Bollinger Bands Breakout Strategy,TradeChartist,4251,True,https://www.tradingview.com/script/GKgxKjlC-Bollinger-Bands-Breakout-Strategy/,breakout
PUB;959d6d696b4445abb80a5256249c5b72,Smart Money Setup 07 [TradingFinder] Liquidity Hunts & Minor OB,TradingFinder,4230,True,https://www.tradingview.com/script/NRAUv227-Smart-Money-Setup-07-TradingFinder-Liquidity-Hunts-Minor-OB/,smart money
PUB;71d1ac5eae1d4b0d99afb9f15727c94b,"FVG, Swing, Target, D/W/M High Low Detector Basic by Trader Riaz",traderriazofficial,4201,True,https://www.tradingview.com/script/PpsYmf22-FVG-Swing-Target-D-W-M-High-Low-Detector-Basic-by-Trader-Riaz/,swing
PUB;1314,Composite Momentum Index [LazyBear],LazyBear,4197,True,https://www.tradingview.com/script/BkHytNuJ-Composite-Momentum-Index-LazyBear/,momentum
PUB;256f85409e1a4106b443ae2626e8fdc9,RSI Momentum Trend,TZack88,4184,True,https://www.tradingview.com/script/g6Nyg5kS-RSI-Momentum-Trend/,momentum
PUB;MnuNAKzl8CM98whU9yxBM0utz322GoxC,Philakone 55 EMA Swing Trading Strategy,prosum_solutions,4178,True,https://www.tradingview.com/script/tOKp5kg4-Philakone-55-EMA-Swing-Trading-Strategy/,swing
PUB;040dc66de05f4072b08cc5e0d1afa26d,Squeeze Momentum Deluxe,EliCobra,4171,True,https://www.tradingview.com/script/iFZB4wBg-Squeeze-Momentum-Deluxe/,squeeze
PUB;73bd5dfe73474e93a83bf850a7c89379,Curved Radius Supertrend [BOSWaves],BOSWaves,4161,True,https://www.tradingview.com/script/v0Fr7PAb-Curved-Radius-Supertrend-BOSWaves/,supertrend
PUB;3f8e071eab864e6ebeee4d0e8b2e84d0,Adaptive Regression Breakout Map | GainzAlgo,GainzAlgo,4155,True,https://www.tradingview.com/script/PEVRpvOj-Adaptive-Regression-Breakout-Map-GainzAlgo/,breakout
PUB;902b21e581bd4d4c9c4adc9c26d5dd8e,Trend Reversal System with SR levels,LonesomeTheBlue,4141,True,https://www.tradingview.com/script/p0BZBtmT-Trend-Reversal-System-with-SR-levels/,reversal
PUB;b65639b2f6fc4bdb9cc6b6588c87a5b4,OBV Divergence Indicator [TradingFinder] On-Balance Vol Reversal,TradingFinder,4139,True,https://www.tradingview.com/script/bhcf52DH-OBV-Divergence-Indicator-TradingFinder-On-Balance-Vol-Reversal/,reversal
PUB;31,Trading Strategy based on BB/KC squeeze,LazyBear,4114,True,https://www.tradingview.com/script/x9r2dOhI-Trading-Strategy-based-on-BB-KC-squeeze/,squeeze
PUB;r58E0ceSBevIvPhUZJJzwhDZ5TjqSrNF,Hull Moving Average Swing Trader,SeaSide420,4074,True,https://www.tradingview.com/script/j60hYGuY-Hull-Moving-Average-Swing-Trader/,swing
PUB;effdd7852cfc4ddc955c6b4b22c79088,Smart Money Interest Index [AlgoAlpha],AlgoAlpha,4061,True,https://www.tradingview.com/script/oBwmJW5g-Smart-Money-Interest-Index-AlgoAlpha/,smart money
PUB;f39477e42a1e4208a336425eb5bc8553,Smart Money Trades Pro [BOSWaves],BOSWaves,3998,True,https://www.tradingview.com/script/bWaxHI3U-Smart-Money-Trades-Pro-BOSWaves/,smart money
PUB;9c3900bb945b4f8380f22e3f325468e5,SuperTrend Cluster (Zeiierman),Zeiierman,3973,True,https://www.tradingview.com/script/r8j7m88J-SuperTrend-Cluster-Zeiierman/,supertrend
PUB;8e799646d4634c989fc95cf7687457c5,D-Shape Breakout Signals [LuxAlgo],LuxAlgo,3941,True,https://www.tradingview.com/script/oYAzaWB9-D-Shape-Breakout-Signals-LuxAlgo/,breakout
PUB;H4NciqkhU4o3mA4thocFDnSBJmFWcacI,Cycle Swing Momentum,StockMarketCycles,3939,True,https://www.tradingview.com/script/b7o7GmWT-Cycle-Swing-Momentum/,momentum
PUB;tEbhzq0QDjSGiR01604T1kke5pyGPTMm,Breakout Indicator,ZenAndTheArtOfTrading,3906,True,https://www.tradingview.com/script/L80FlxDA-Breakout-Indicator/,breakout
PUB;DdlMGMZvj815bZeUYAotHozrkGMgvoN2,(JS) Squeeze Pro Overlays,J-Streak,3893,True,https://www.tradingview.com/script/1i4BNwMU-JS-Squeeze-Pro-Overlays/,squeeze
PUB;e6a3a3b952914fa0944dc36c7ab84ad2,Breakout Lines + TP/SL,Uncle_the_shooter,3890,True,https://www.tradingview.com/script/X6Oq0kuQ-Breakout-Lines-TP-SL/,breakout
PUB;c1da465c0af24a6d9f45bfaa1e602066,Recursive Reversal Chart Patterns [Trendoscope],Trendoscope,3865,True,https://www.tradingview.com/script/gdgXyl8b-Recursive-Reversal-Chart-Patterns-Trendoscope/,reversal
PUB;e0187e9c8f124cf6bddc3bec8bd455f2,Curved Smart Money Concepts Probability (Zeiierman),Zeiierman,3861,True,https://www.tradingview.com/script/Qkn8MlX0-Curved-Smart-Money-Concepts-Probability-Zeiierman/,smart money
PUB;bjAASLSxLpuhzKtaq1seF26nxU2M930z,Squeeze Momentum Indicator [LazyBear] vX by DGT,dgtrd,3832,True,https://www.tradingview.com/script/Dsr7B2xE-Squeeze-Momentum-Indicator-LazyBear-vX-by-DGT/,squeeze
PUB;9a1227ff02174bd69d4aa183b42198e1,Swing Ranges [ChartPrime],ChartPrime,3797,True,https://www.tradingview.com/script/x1uxHl67-Swing-Ranges-ChartPrime/,swing
PUB;2906,[NM] Reversal Candles v01,Profit_Through_Patience,3756,True,https://www.tradingview.com/script/sQcoF9i6-NM-Reversal-Candles-v01/,reversal
PUB;abc58c72299643b1a14eab44e6f6e2bd,Smart Money Setup 04 [TradingFinder] Three Drive (Harmonic) + OB,TradingFinder,3734,True,https://www.tradingview.com/script/tM5YhzYo-Smart-Money-Setup-04-TradingFinder-Three-Drive-Harmonic-OB/,smart money
PUB;VDFIBSzpD58rFdYjR9OMlKl8xHDepZZ1,Supertrend Multi Time Frame - Auto HTF calculation,LonesomeTheBlue,3716,True,https://www.tradingview.com/script/LonOB4YA-Supertrend-Multi-Time-Frame-Auto-HTF-calculation/,supertrend
PUB;j4hhmIC3xD1VFgGYZcmbFitIT88zX2hC,Hunt Bitcoin CoT Buy/Sell signal,TheCryptoSniper,3715,True,https://www.tradingview.com/script/W1srPVYK-Hunt-Bitcoin-CoT-Buy-Sell-signal/,buy sell signal
PUB;8ad6feb34ef841669c8f39a444ebaff2,Reversal Point Dynamics,DskyzInvestments,3667,True,https://www.tradingview.com/script/TNvKGurX-Reversal-Point-Dynamics/,reversal
PUB;aL8AyHCrEN2OIl3ANyt7zFzeNVbqdvIB,"Ants - Momentum, Volume & Price [LevelUp]",LevelUpTools,3659,False,https://www.tradingview.com/script/uEaFv7tm-Ants-Momentum-Volume-Price-LevelUp/,momentum
PUB;55b75b68c4894c119bd53f632a9efd74,ICT Donchian Smart Money Structure (Expo),Zeiierman,3657,True,https://www.tradingview.com/script/rN9I61Q9-ICT-Donchian-Smart-Money-Structure-Expo/,smart money
PUB;f08f8e36d2374bd6bdc38168aacb277a,ICT Judas Swing | Flux Charts,fluxchart,3643,True,https://www.tradingview.com/script/vT3NRUzp-ICT-Judas-Swing-Flux-Charts/,swing
PUB;W8CWXaJvrfoxZ62NBsJrasJuWCDOMdUi,The Signal - Hunt Bitcoin CoT Buy/Sell,TheCryptoSniper,3642,True,https://www.tradingview.com/script/zLdi2Lg5-The-Signal-Hunt-Bitcoin-CoT-Buy-Sell/,buy sell signal
PUB;a7e8b0c4e5774f8e870dbe6b35f28ae3,Power Hour Breakout Signals [LuxAlgo],LuxAlgo,3619,True,https://www.tradingview.com/script/zFWfHF9A-Power-Hour-Breakout-Signals-LuxAlgo/,breakout
PUB;37d463faa5b34083a394b3f3fd28f283,Machine Learning Momentum Oscillator [ChartPrime],ChartPrime,3606,True,https://www.tradingview.com/script/OCl780V6-Machine-Learning-Momentum-Oscillator-ChartPrime/,momentum
PUB;2919a47d639b4ef8b686ed5b69a679ac,Heatmap Trailing Stop with Breakouts (Zeiierman),Zeiierman,3599,True,https://www.tradingview.com/script/iJrBkbXy-Heatmap-Trailing-Stop-with-Breakouts-Zeiierman/,breakout
PUB;67e58d704e59422aa49d0bf0e4c2f329,Liquidity Grab Reversal,majky,3594,False,https://www.tradingview.com/script/xU8FXCBo-Liquidity-Grab-Reversal/,reversal
PUB;hnY0juk97EaklILiVn0Lw0FEce5GgH8b,Swings High Low with dates BY Che,Che_Trader,3589,True,https://www.tradingview.com/script/oF91Dqai-Swings-High-Low-with-dates-BY-Che/,swing
PUB;2fb72672107d4b97a2ada6a7ec7d0857,Heikin Ashi Supertrend,jordanfray,3588,True,https://www.tradingview.com/script/9z16eauD-Heikin-Ashi-Supertrend/,supertrend
PUB;ce12af8f6afb40dbb5ea13834b03f25d,SuperTrend+,Electrified,3581,True,https://www.tradingview.com/script/smXJk7s5-SuperTrend/,supertrend
PUB;8W7syy5o02VZ9QIs7Xa5RuDcw6sSaEdF,Stochastic Momentum Index,everget,3554,True,https://www.tradingview.com/script/NULg8CIG-Stochastic-Momentum-Index/,momentum
PUB;2075,[JR] Multi Bollinger Heat Bands - EMA/Breakout options,JayRogers,3546,True,https://www.tradingview.com/script/jt8pw1gr-JR-Multi-Bollinger-Heat-Bands-EMA-Breakout-options/,breakout
PUB;GZuyxTMfNF8c85RECLMxYpcF3GT2Tjf0,Reversal finder,NS91,3515,True,https://www.tradingview.com/script/OU82iZCq-Reversal-finder/,reversal
PUB;q2fgoV9aFouGNPbXdqbd8BkN618bS8m8,Z+ Trend Finder & Breakout 3in1 for Crypto Stock & Forex Trading,open4profit,3496,False,https://www.tradingview.com/script/tnhtAGLT-Z-Trend-Finder-Breakout-3in1-for-Crypto-Stock-Forex-Trading/,breakout
PUB;9523ed4f521b44c4b3e6cafd6f510487,Island Reversal [LuxAlgo],LuxAlgo,3483,True,https://www.tradingview.com/script/O4FRLPDF-Island-Reversal-LuxAlgo/,reversal
PUB;95b110bc90574a078e71c59af6e71025,SuperTrend Confluence Signals [AlgoAlpha],AlgoAlpha,3479,True,https://www.tradingview.com/script/uoBM4be2-SuperTrend-Confluence-Signals-AlgoAlpha/,supertrend
PUB;GKKtIIU9S0md07g3KUACserRBFJS13qL,Swing Failure Pattern Inquisitor,vaidab,3475,True,https://www.tradingview.com/script/DWKjFBD9-Swing-Failure-Pattern-Inquisitor/,swing
PUB;f0858f6361e544809a59fd0a3c3e677e,Jurik MA Trend Breakouts [BigBeluga],BigBeluga,3469,True,https://www.tradingview.com/script/1AwbPk67-Jurik-MA-Trend-Breakouts-BigBeluga/,breakout
PUB;7daf7b6f7ff040dea4b6183a3bc92a84,Smart Money Concepts Premium (Expo),Zeiierman,3451,False,https://www.tradingview.com/script/eJdZpiDr-Smart-Money-Concepts-Premium-Expo/,smart money
PUB;HZupZEDk6E9h1R12db39qddGceqhYVMd,"Trend-Following Combo-SuperTrend, EMA, Aroon, DMI, Laguerre RSI",jadamcraig,3441,True,https://www.tradingview.com/script/QZpFlbZv-Trend-Following-Combo-SuperTrend-EMA-Aroon-DMI-Laguerre-RSI/,supertrend
PUB;d105ed2655544d3e97ebdcd5af5100a8,BigBeluga - Smart Money Concepts,BigBeluga,3426,False,https://www.tradingview.com/script/WTNPnxsp-BigBeluga-Smart-Money-Concepts/,smart money
PUB;938626faa4934c06935ea70794f0be7e,Volume Divergence Reversal Signals [AlgoAlpha],AlgoAlpha,3409,True,https://www.tradingview.com/script/JSULpbV7-Volume-Divergence-Reversal-Signals-AlgoAlpha/,reversal
PUB;d2c4757e01b649de97487c69c081a93c,SuperTrend Recovery [LuxAlgo],LuxAlgo,3406,True,https://www.tradingview.com/script/aHGWVBF1-SuperTrend-Recovery-LuxAlgo/,supertrend
PUB;JkA3CtO6b2poNMOM5bSdkexjhsBUlPfN,Strategy based on Squeeze Momentum Indicator [LazyBear],03.freeman,3402,True,https://www.tradingview.com/script/qp9BoNyS-Strategy-based-on-Squeeze-Momentum-Indicator-LazyBear/,squeeze
PUB;657285a6def241018114f26bdf619e0b,HMA Breakout Buy/Sell indicator for Scalping & Intraday - Shyam,Shyam_Trades_152,3398,True,https://www.tradingview.com/script/b4sa4fEj-HMA-Breakout-Buy-Sell-indicator-for-Scalping-Intraday-Shyam/,breakout
PUB;a4e21a97fd27406094555ce56fa650e8,Ranges and Breakouts [AlgoAlpha],AlgoAlpha,3394,True,https://www.tradingview.com/script/XakiYa6r-Ranges-and-Breakouts-AlgoAlpha/,breakout
PUB;58151d388ddc438ebc41bd5745041364,Standardized SuperTrend Oscillator,EliCobra,3382,True,https://www.tradingview.com/script/c9V7Ev22-Standardized-SuperTrend-Oscillator/,supertrend
PUB;4a41e164cdf64e10a8225a56508b90b6,Smart Money Oscillator [ChartPrime],ChartPrime,3367,True,https://www.tradingview.com/script/EiLtieGm-Smart-Money-Oscillator-ChartPrime/,smart money
PUB;YnlbBWHSSSsY5rkXYADZqWehAYxCPyyt,( ͡° ʖ̯ ͡°) Scalping vs Swing Trading,edward_Z,3366,False,https://www.tradingview.com/script/eLqrb6cf-Scalping-vs-Swing-Trading/,swing
PUB;7962082067a943c3b6910473271e04a4,Swing Failure Pattern by EmreKb,EmreKb,3361,True,https://www.tradingview.com/script/JqWpj57x-Swing-Failure-Pattern-by-EmreKb/,swing
PUB;c6388de20b7b4c068127ad3b7518ddce,Stop Loss Cascades (Breakouts) [Kioseff Trading],KioseffTrading,3330,True,https://www.tradingview.com/script/CJX3k6l2-Stop-Loss-Cascades-Breakouts-Kioseff-Trading/,breakout
PUB;3ccbc3fca8f946c485a2cc5a82d8dd91,Smart Money Setup 08 [TradingFinder] Binary Options Gold Scalper,TradingFinder,3311,True,https://www.tradingview.com/script/wx2LInq3-Smart-Money-Setup-08-TradingFinder-Binary-Options-Gold-Scalper/,smart money
PUB;30650809cb1e4c61bab014dd1e5323f5,SuperTrend Take-Profit Dimensions [AlgoAlpha],AlgoAlpha,3310,True,https://www.tradingview.com/script/tb1TiNJe-SuperTrend-Take-Profit-Dimensions-AlgoAlpha/,supertrend
PUB;Emffuo2lCh9SEvV8xS39eLTYvjZKzTJd,VDUB BB %B REVERSAL_v4.2 revised by JustUncleL,JustUncleL,3263,True,https://www.tradingview.com/script/2zM9ymyy-VDUB-BB-B-REVERSAL-v4-2-revised-by-JustUncleL/,reversal
PUB;3ff027b1d38549b6a621e83c571deed3,Timely Opening Range Breakout Strategy [TORB] (Zeiierman),Zeiierman,3258,True,https://www.tradingview.com/script/78AVOLmR-Timely-Opening-Range-Breakout-Strategy-TORB-Zeiierman/,breakout
PUB;JRmzAneAEnpkvqrd4FNOFEup0eTpFBrd,TTM Squeeze & Momentum by Drecken,drecken,3249,False,https://www.tradingview.com/script/DY3eWCvS-TTM-Squeeze-Momentum-by-Drecken/,squeeze
PUB;1ee1818bb65f46618e28a851b6843d04,Strong Reversal Signals | ProjectSyndicate,ProjectSyndicate,3247,True,https://www.tradingview.com/script/M7QtYZcz-Strong-Reversal-Signals-ProjectSyndicate/,reversal
PUB;e56a8b54deef47c2bd5d372997020ba0,SuperTrend Volume [BigBeluga],BigBeluga,3242,True,https://www.tradingview.com/script/U1QqjWSn-SuperTrend-Volume-BigBeluga/,supertrend
PUB;540555f63f954526a7a4e78b8644cb00,Arc VWAP Supertrend [BOSWaves],BOSWaves,3242,True,https://www.tradingview.com/script/BvSXH1e9-Arc-VWAP-Supertrend-BOSWaves/,supertrend
PUB;3d462d913ffa46079ad7aab42c77130e,SMT Divergence ICT 02 [TradingFinder] Smart Money Technique SMC,TradingFinder,3233,True,https://www.tradingview.com/script/a8BJGgRY-SMT-Divergence-ICT-02-TradingFinder-Smart-Money-Technique-SMC/,smart money
PUB;7f4859f8662f4974ae8346a85e898221,SuperTrend Optimizer,KioseffTrading,3219,True,https://www.tradingview.com/script/aH7Vwm5C-SuperTrend-Optimizer/,supertrend
PUB;ouLgbg9EfOJycykLjfreLay1a6XHVWOA,Trend Trader Buy/Sell Signals,UnknownUnicorn1946597,3209,True,https://www.tradingview.com/script/dCdvOJy7-Trend-Trader-Buy-Sell-Signals/,buy sell signal
PUB;3f0483809afa4921a767f00592d31dce,AI-SuperTrend (KNN Machine Learning),SatohK,3188,True,https://www.tradingview.com/script/uioXJrhV-AI-SuperTrend-KNN-Machine-Learning/,supertrend
PUB;6pPzwGaxjUncjzWJY6kp8dQHXpZEVaUN,"Dual SuperTrend, Ichimoku and DMI Color Weighted by DGT",dgtrd,3169,True,https://www.tradingview.com/script/9DH0LwSI-Dual-SuperTrend-Ichimoku-and-DMI-Color-Weighted-by-DGT/,supertrend
PUB;97a107fe6de84bf980063015aa551b8c,Liquidation Levels with Liquidity Sweeps/Breakouts [AlgoAlpha],AlgoAlpha,3148,True,https://www.tradingview.com/script/UtvRtJLO-Liquidation-Levels-with-Liquidity-Sweeps-Breakouts-AlgoAlpha/,breakout
PUB;c62061bab76946eda8f85308c44fff87,Machine Learning Smart Money Concepts | GainzAlgo,GainzAlgo,3148,True,https://www.tradingview.com/script/uGCtOz0Y-Machine-Learning-Smart-Money-Concepts-GainzAlgo/,smart money
PUB;OYR1TEkjFFx3anHC7zqonALJH8gkMpnH,Crypto Turtle - Trend Following Strategy,DashTrader,3144,False,https://www.tradingview.com/script/upDvBJb9-Crypto-Turtle-Trend-Following-Strategy/,trend following
PUB;e26a442fc5de4fadb59519b5c5d68cde,AI SuperTrend Clustering Oscillator [LuxAlgo],LuxAlgo,3118,True,https://www.tradingview.com/script/y2WjAnHA-AI-SuperTrend-Clustering-Oscillator-LuxAlgo/,supertrend
PUB;5fb7012c1f1347ed9a6a3ace4cd4c8c0,Volume-Confirmed Reversal Engine [AlgoPoint],Iamalala,3099,True,https://www.tradingview.com/script/W5FBq8xR-Volume-Confirmed-Reversal-Engine-AlgoPoint/,reversal
PUB;89cd79617968408bba9fad999e30d7f4,Trendline Breaks with Multi Fibonacci Supertrend Strategy,FibonacciFlux,3094,True,https://www.tradingview.com/script/aVzNdTMg-Trendline-Breaks-with-Multi-Fibonacci-Supertrend-Strategy/,supertrend
PUB;dd9e62c673d14c2788f59e7216fceb36,Squeeze Index [LuxAlgo],LuxAlgo,3092,True,https://www.tradingview.com/script/Et6YD2t4-Squeeze-Index-LuxAlgo/,squeeze
PUB;1942,SuperTrend Oscillator v3,j1O9SB,3086,True,https://www.tradingview.com/script/jd0Pv9y5-SuperTrend-Oscillator-v3/,supertrend
PUB;B1MPT8dJ4lXqk2PyqGhdlT4FV03zbAe7,SwingCPR,TheMadrasTrader,3083,False,https://www.tradingview.com/script/IbV3pXhl-SwingCPR/,swing
PUB;0dda247669f7405ead4f64ebadbe4ece,AI SuperTrend - Strategy [presentTrading],PresentTrading,3061,True,https://www.tradingview.com/script/eaTIyEty-AI-SuperTrend-Strategy-presentTrading/,supertrend
PUB;cdFL0cFlRpLlkc5dokznaHKJbNi3XZ1D,Inverse Fisher Transform on SMI (Stochastic Momentum Index),KivancOzbilgic,3059,True,https://www.tradingview.com/script/E0UKvb0S-Inverse-Fisher-Transform-on-SMI-Stochastic-Momentum-Index/,momentum
PUB;004255db2a4b4c47be7fcc2ea11654b2,Support and Resistance Retest Breakout Signals [AlgoAlpha],AlgoAlpha,3031,True,https://www.tradingview.com/script/X81PJSiH-Support-and-Resistance-Retest-Breakout-Signals-AlgoAlpha/,breakout
PUB;3a83eaaaac51456fbaf729d24e7e7fb3,GK Trend Ribbon SWING + PREPARE HUD,GOLDKINGspecialist,3009,True,https://www.tradingview.com/script/xCtlJHSI-GK-Trend-Ribbon-SWING-PREPARE-HUD/,swing
PUB;bc5cffef0f4045d1978f308c9ef0cc69,[EmreKb] Supertrend Fakeout,EmreKb,2974,True,https://www.tradingview.com/script/Fme0s8Ax-EmreKb-Supertrend-Fakeout/,supertrend
PUB;7cece6f2f1d84f899b0e868887dd2648,Reversal Probability Profile [AlgoAlpha],AlgoAlpha,2967,True,https://www.tradingview.com/script/ZWLdxZtM-Reversal-Probability-Profile-AlgoAlpha/,reversal
PUB;11ceb5d4662f47cfa8d7e7b636bdbf2d,Big Trades Whale Detector [Volume Anomalies] By HK,colacorn,2963,True,https://www.tradingview.com/script/BJHQwxxN-Big-Trades-Whale-Detector-Volume-Anomalies-By-HK/,whale
PUB;jDAxwdo5u7waRjoYoEPsNHK5Rw6Cg6eF,SuperTrendRange by DGT,dgtrd,2942,True,https://www.tradingview.com/script/neIhiYqp-SuperTrendRange-by-DGT/,supertrend
PUB;285,Indicator: Intrady Momentum Index,LazyBear,2927,True,https://www.tradingview.com/script/3CufgHsc-Indicator-Intrady-Momentum-Index/,momentum
PUB;20347b73c8cc4dada37d59a328a8d043,Reversal Points,Enes_Yetkin_,2925,True,https://www.tradingview.com/script/w5WRygzM-Reversal-Points/,reversal
PUB;b20a8ccdafcb4ffab4a04db07ee4a048,Smart Money Setup 05 [TradingFinder] Minor OB & Trend Proof,TradingFinder,2910,True,https://www.tradingview.com/script/ExUq01Lm-Smart-Money-Setup-05-TradingFinder-Minor-OB-Trend-Proof/,smart money
PUB;4a01e1039b3846e0a6ed2e4fd2efa66f,SuperTrend Weighted by Divergence,Uncle_the_shooter,2888,True,https://www.tradingview.com/script/YUBXfhpq-SuperTrend-Weighted-by-Divergence/,supertrend
PUB;6f9538f5f5354ac0b65dcd2e4b674dbb,Simple Swing with T3MA,finallynitin,2868,False,https://www.tradingview.com/script/wkmG9pEF-Simple-Swing-with-T3MA/,swing
PUB;TPQWVLOmCkVZOn6uYbPRqbB8PSXb5a5g,L2 KDJ with Whale Pump Detector,blackcat1402,2849,True,https://www.tradingview.com/script/vDX9m7PJ-L2-KDJ-with-Whale-Pump-Detector/,whale
PUB;0287a71c10904118b75d4360a32c0579,BS | Buy&Sell Signals With EMA,bahadirsezer,2848,True,https://www.tradingview.com/script/YH7t12BB-BS-Buy-Sell-Signals-With-EMA/,buy sell signal
PUB;cZQbhKpAY1IlZf6iR9NvfL6z5k0gAXPQ,Best Supertrend CCI Strategy,Daveatt,2837,True,https://www.tradingview.com/script/YsWWsOGs-Best-Supertrend-CCI-Strategy/,supertrend
PUB;huwaFW1pTqz2R5eo4VQYWVHdTKZSDKds,RSI Swing Signal - Chart,ZenAndTheArtOfTrading,2820,True,https://www.tradingview.com/script/9COYOTgB-RSI-Swing-Signal-Chart/,swing
PUB;42b3c495b9be46af9f690c4c297edf1f,Candlestick Reversal and Trend Signals [AlgoAlpha],AlgoAlpha,2799,True,https://www.tradingview.com/script/hKJcw0LU-Candlestick-Reversal-and-Trend-Signals-AlgoAlpha/,reversal
PUB;997d48b9501c4442b413fcd4f7f1a036,Stochastic SuperTrend [BigBeluga],BigBeluga,2796,True,https://www.tradingview.com/script/dvhmRDRe-Stochastic-SuperTrend-BigBeluga/,supertrend
PUB;kYO5wEGtLS3XtbFWugX33n9Ts2kjk4pE,Price Momentum Oscillator,everget,2771,True,https://www.tradingview.com/script/bPlpfFxF-Price-Momentum-Oscillator/,momentum
PUB;a13400c202704fc385b0a108384dbde0,HMA Swing Levels [BigBeluga],BigBeluga,2754,True,https://www.tradingview.com/script/ZU8vnVBi-HMA-Swing-Levels-BigBeluga/,swing
PUB;da9b8cf9d3284c169d07d0627a51e658,SuperTrend Polyfactor Oscillator [LuxAlgo],LuxAlgo,2753,True,https://www.tradingview.com/script/rmbjGFQy-SuperTrend-Polyfactor-Oscillator-LuxAlgo/,supertrend
PUB;2259d95b06ac42a7bee195a3c67d3824,Supertrend - Optimised Exit ,QuantNomad,2743,True,https://www.tradingview.com/script/nMkQmtsu-Supertrend-Optimised-Exit/,supertrend
PUB;6fd5e94b97384ec098fcfec4a1dd4277,Step Channel Momentum Trend [ChartPrime],ChartPrime,2737,True,https://www.tradingview.com/script/AsD2fDh7-Step-Channel-Momentum-Trend-ChartPrime/,momentum
PUB;5eWkItktSd31dNm40sQ53cocUmeydHVr,TraderLion Reversal Bars,TraderLion,2726,False,https://www.tradingview.com/script/T06lnzEJ-TraderLion-Reversal-Bars/,reversal
PUB;LnrdvQApMdtgNgVRIoMFpDb4DCBkJHoE,Breakout Trend Follower,millerrh,2722,True,https://www.tradingview.com/script/yilRwqae-Breakout-Trend-Follower/,breakout
PUB;08213d738c504a6196a8eece7c79a420,Squeeze M + ADX + TTM (Trading Latino & John Carter) by [Rolgui],rolgui,2714,True,https://www.tradingview.com/script/dD46cfeI-Squeeze-M-ADX-TTM-Trading-Latino-John-Carter-by-Rolgui/,squeeze
PUB;50mMf2spIXLaNo769OFwqIuygN4I2u8P,Squeeze Momentum [Plus],OskarGallard,2713,True,https://www.tradingview.com/script/3mQBizyn-Squeeze-Momentum-Plus/,squeeze
PUB;8c150d4ce4b745f9b6d950c409a05242,Swing Structure Scanner [LuxAlgo],LuxAlgo,2708,True,https://www.tradingview.com/script/aWppZaor-Swing-Structure-Scanner-LuxAlgo/,swing
PUB;3f76074646a14403992483c70d5566a3,Supertrend Parameter Sensitivity 3D [LuxAlgo],LuxAlgo,2707,True,https://www.tradingview.com/script/kSMLs0Hh-Supertrend-Parameter-Sensitivity-3D-LuxAlgo/,supertrend
PUB;0b935145b30042bd8d3ae05155db617a,Smart Money Engine [WillyAlgoTrader],WillyAlgoTrader,2699,True,https://www.tradingview.com/script/9wnWcxkQ-Smart-Money-Engine-WillyAlgoTrader/,smart money
PUB;ZadztSPXSveJqzozl96D2zgStDLZyDMm,Swing High/Low Anchored Spiral,alexgrover,2670,True,https://www.tradingview.com/script/J8fs5jMi-Swing-High-Low-Anchored-Spiral/,swing
PUB;zKG3qTtkset9N08RU9DY7GYo87faVuv0,[STRATEGY][RS]Open Session Breakout Trader,RicardoSantos,2662,True,https://www.tradingview.com/script/mIvVYU42-STRATEGY-RS-Open-Session-Breakout-Trader/,breakout
PUB;ab7bd72af53d40c1badad512dbc5f383,Lakshmi - Low Volatility Range Breakout  (LVRB),lakshmivibha,2662,True,https://www.tradingview.com/script/p8WvdmMV-Lakshmi-Low-Volatility-Range-Breakout-LVRB/,breakout
PUB;40ba762ee34b40bba2a7c017aba42fe3,Breakouts & Pullbacks [Trendoscope®],Trendoscope,2655,True,https://www.tradingview.com/script/hkjvjHbt-Breakouts-Pullbacks-Trendoscope/,breakout
PUB;866476b87f64432da0490654c6b00cf4,Adaptive Momentum Fusion [WillyAlgoTrader],WillyAlgoTrader,2645,True,https://www.tradingview.com/script/Tq7S1S64-Adaptive-Momentum-Fusion-WillyAlgoTrader/,momentum
PUB;1381,Ehlers Smoothed Adaptive Momentum [LazyBear],LazyBear,2639,True,https://www.tradingview.com/script/vIE6adMm-Ehlers-Smoothed-Adaptive-Momentum-LazyBear/,momentum
PUB;NKRAPozzrOVOjGnzZfYFDRPk2zfhfA1m,Squeeze PRO Indicator [Makit0],makit0,2623,True,https://www.tradingview.com/script/TAAt6eRX-Squeeze-PRO-Indicator-Makit0/,squeeze
PUB;4d1490ab0613463c9dbf5064bebb4312,Swing Traces [BigBeluga],BigBeluga,2622,True,https://www.tradingview.com/script/lqiLrVxM-Swing-Traces-BigBeluga/,swing
PUB;ee0c3c9ccd634b8ba98ed98804081581,Dynamic Swing Anchored VWAP STRAT (Zeiierman/PineIndicators),PineIndicators,2616,True,https://www.tradingview.com/script/gjFSGRCo-Dynamic-Swing-Anchored-VWAP-STRAT-Zeiierman-PineIndicators/,swing
PUB;ODcEBlvB3gQT5FlsH100qpN1VdZZvE0G,Supertrend MTF Heatmap V2,Daveatt,2611,True,https://www.tradingview.com/script/j9RXRqfH-Supertrend-MTF-Heatmap-V2/,supertrend
PUB;54ddfab09aa44208963498b39e3f1e47,Reversal Indicator,StrategicalCharts,2588,True,https://www.tradingview.com/script/mWiAL3w7-Reversal-Indicator/,reversal
PUB;ee5d33cd61c849ecaae9309a889e7f14,Smart Money Concepts + Fibonacci + EMA - AI Enhanced Analysis,NarmoonAI,2588,False,https://www.tradingview.com/script/HcTUXK3x-Smart-Money-Concepts-Fibonacci-EMA-AI-Enhanced-Analysis/,smart money
PUB;e066298ba7984cc680163c949ae1ed93,Session Range Breakouts With Targets [AlgoAlpha],AlgoAlpha,2564,True,https://www.tradingview.com/script/guU5OMtV-Session-Range-Breakouts-With-Targets-AlgoAlpha/,breakout
PUB;AidPebNqgBzNJOerD5YOmdH2RFFB8AI9,SuperTrend Volatility,RafaelZioni,2559,True,https://www.tradingview.com/script/Bh2heEgZ-SuperTrend-Volatility/,supertrend
PUB;swvJedFU9GfkBLDigYFmrSWYqfISz8ie,Maxx Momentum + TTM Squeeze,MaxxCharts,2553,False,https://www.tradingview.com/script/cZ7FQAtz-Maxx-Momentum-TTM-Squeeze/,squeeze
PUB;b95b0d6b35584e61afb19eb5217c6067,RSI Buy Sell Signals+ with MFI Cloud [RanaAlgo],RanaAlgo,2547,True,https://www.tradingview.com/script/CNG0jFxW-RSI-Buy-Sell-Signals-with-MFI-Cloud-RanaAlgo/,buy sell signal
PUB;vohWyKJxGwM2YNZrp7rYtreh3rf9Krd2,Poseidon - [Swing High Low][Support and Resistance][Reversal]...,edward_Z,2543,False,https://www.tradingview.com/script/hMxBHyky-Poseidon-Swing-High-Low-Support-and-Resistance-Reversal/,breakout
PUB;q0r4pqLBDUbCiqsFRqCPFSd00MDexK3Y,Trend Following with Moving Averages,LonesomeTheBlue,2538,True,https://www.tradingview.com/script/9fWdwV3q-Trend-Following-with-Moving-Averages/,trend following
PUB;fa616cbf0e9b468b9efd414e9573d1b9,Volatility Contraction Pattern,Amphibiantrading,2521,False,https://www.tradingview.com/script/J1tqSCqR-Volatility-Contraction-Pattern/,volatility contraction
PUB;f68a843e07a34a7dbe6a08b17d57927f,"Supertrend ANY INDICATOR (RSI, MFI, CCI, etc.) + Range Filter",wbburgin,2520,True,https://www.tradingview.com/script/GRMqFdJQ-Supertrend-ANY-INDICATOR-RSI-MFI-CCI-etc-Range-Filter/,supertrend
PUB;UQjEiCZT9rfaqzCeqng6wELIs5GoNLxL,Swing Points,ajmd_trades,2516,True,https://www.tradingview.com/script/GhxQNMtS-Swing-Points/,swing
PUB;84945a178a9f423ebf87ce4eb29bb854,Divergence Detector [TradingFinder] RSI + MACD + AO Oscillator ,TradingFinder,2508,True,https://www.tradingview.com/script/2eEOtIQY-Divergence-Detector-TradingFinder-RSI-MACD-AO-Oscillator/,reversal
PUB;0fa143447aa54045b50efcebd39ba5bc,"Luxy Momentum, Trend, Bias and Breakout Indicators  V7",orenluxy,2502,True,https://www.tradingview.com/script/yu7YSQnd-Luxy-Momentum-Trend-Bias-and-Breakout-Indicators-V7/,breakout
PUB;AGz3sUcn01M0Ur7wBBKxMpUfT86M4mI0,Supertrend Multi Time Frame (No Repaint),LonesomeTheBlue,2501,False,https://www.tradingview.com/script/D5exvcnO-Supertrend-Multi-Time-Frame-No-Repaint/,supertrend
PUB;u9MKkYYfFZ5WrI6Y8aZ2ThpGobGxacqr,Whale Trading System,Noldo,2497,True,https://www.tradingview.com/script/21OymH51-Whale-Trading-System/,whale
PUB;fa8e8bfefc54436d8e2ac1b714f1eed7,Squeeze Momentum Oscillator [AlgoAlpha],AlgoAlpha,2495,True,https://www.tradingview.com/script/WDsx1YV1-Squeeze-Momentum-Oscillator-AlgoAlpha/,squeeze
PUB;90c42db8ecef40958ad0d2b4e219ea3c,Buy-Sell with Liquidity Breakout PRO using Volume Confluence,InvestyourAsset,2478,True,https://www.tradingview.com/script/XmVyzj9e-Buy-Sell-with-Liquidity-Breakout-PRO-using-Volume-Confluence/,breakout
PUB;e64cdd096d49444bb636cf5df6efadec,Smart Money Setup 03 [TradingFinder] Minor OB & Trend Proof,TradingFinder,2476,True,https://www.tradingview.com/script/ycBeLGl7-Smart-Money-Setup-03-TradingFinder-Minor-OB-Trend-Proof/,smart money
PUB;lXhiurTwkfOocRzqBjKyh1TJNX5Y3PWj,Revolution Volatility Bands With Range Contraction Signal VII,via-negativa,2461,True,https://www.tradingview.com/script/fXnublKt-Revolution-Volatility-Bands-With-Range-Contraction-Signal-VII/,volatility contraction
PUB;125105da7f464858ad96b2bd533bd70a,3C QFL Mean reversal,Kveie,2459,True,https://www.tradingview.com/script/SDRM0bBY-3C-QFL-Mean-reversal/,reversal
PUB;1dSw3XvAcNUwGxFgsVFbAb4TpB22kbcK,[Bybit] Gainzy Intraday Momentum Algo,realgainzy,2453,False,https://www.tradingview.com/script/gIb7Tszl-Bybit-Gainzy-Intraday-Momentum-Algo/,momentum
PUB;f44b3f73b2fd41b8aa099c7ee3ad66d3,SuperTrend Oscillator [ChartPrime],ChartPrime,2449,True,https://www.tradingview.com/script/JqEFTgOE-SuperTrend-Oscillator-ChartPrime/,supertrend
PUB;5ee2434d8c3040fb9b018c1f93ca4509,Adaptive RSI Supertrend [MarkitTick],MarkitTick,2444,True,https://www.tradingview.com/script/lKGFmFUB-Adaptive-RSI-Supertrend-MarkitTick/,supertrend
PUB;nOHd6zsBuIdx37i82XdKmZTpLnGN4kY3,Trend Following MOMO,MattDeLong,2444,True,https://www.tradingview.com/script/Jrw5Qegy-Trend-Following-MOMO/,trend following
PUB;7dd68229375346ef8729da02853a3ba8,Drip's 11am rule breakout/breakdown (OG),sensir,2443,True,https://www.tradingview.com/script/j5fydEzi-Drip-s-11am-rule-breakout-breakdown-OG/,breakout
PUB;91eed40942574728a6da0ca153224879,Gann Swing Chart [One-Bar],meomeo105,2428,True,https://www.tradingview.com/script/R7VWnhIV-Gann-Swing-Chart-One-Bar/,swing
PUB;70f617859e084f3e884da3f5782d128b,Long Term Buy/Sell Signal by Bony,cadremac,2419,True,https://www.tradingview.com/script/lcOaqxkn-Long-Term-Buy-Sell-Signal-by-Bony/,buy sell signal
PUB;bDeksxQ2IyLifGEOKOT58MQarBxwGuC4,Advanced Buy/Sell Signals with BB by mattzab,mattzab,2417,False,https://www.tradingview.com/script/FyGo9GAO-Advanced-Buy-Sell-Signals-with-BB-by-mattzab/,buy sell signal
PUB;83b6a0ad45b54b2fb00bc0a4cee7aa73,Swing Structure Bands [ChartPrime],ChartPrime,2413,True,https://www.tradingview.com/script/Lw0d0Ny4-Swing-Structure-Bands-ChartPrime/,swing
PUB;f3456e5edaca4d669c0e975b47548cc7,Opening Range Breakout with Price Targets,TradeSeekers,2398,True,https://www.tradingview.com/script/iVglS0oT-Opening-Range-Breakout-with-Price-Targets/,breakout
PUB;BS5E8ATDXt2zl0qlF35yTzDiT3NRRlmr,3x SuperTrend Strategy (Mel0nTek) V1,mel0n,2397,True,https://www.tradingview.com/script/FUnOi1Nx-3x-SuperTrend-Strategy-Mel0nTek-V1/,supertrend
PUB;2ZdxX5ZbMx9UotrJuVLxAla2r1toKibH,Moving Regression Band Breakout strategy,tbtkg,2394,True,https://www.tradingview.com/script/Tls8Y2hc-Moving-Regression-Band-Breakout-strategy/,breakout
PUB;5HLj3ONbp2U0hxdXijOgCQnEPZ4YupBR,B3 Buyer-Seller Breakouts,HammondB3,2391,True,https://www.tradingview.com/script/NT80gtFq-B3-Buyer-Seller-Breakouts/,breakout
PUB;566b8eda5ad943f285570347b121d5a9,AI Volume Breakout for scalping,Trading_Indicator_Pro,2370,True,https://www.tradingview.com/script/Fk7JtbC9-AI-Volume-Breakout-for-scalping/,breakout
PUB;117,FREE INDICATOR: VOLUME MOMENTUM,TheLark,2362,True,https://www.tradingview.com/script/bkmIyBgd-FREE-INDICATOR-VOLUME-MOMENTUM/,momentum
PUB;1763d63e649c4be4baf7fe86bee776b8,Adaptive Momentum Oscillator [LuxAlgo],LuxAlgo,2341,True,https://www.tradingview.com/script/Uqk8zpzT-Adaptive-Momentum-Oscillator-LuxAlgo/,momentum
PUB;3c73f7c980e34ac687cd419346e058c3,ORB Heikin Ashi SPY 5min Correlation Strategy,exlux,2337,True,https://www.tradingview.com/script/QpJvYDzb-ORB-Heikin-Ashi-SPY-5min-Correlation-Strategy/,breakout
PUB;7K01Gf4pWlAeyubrzCbQMaL3ixgqXz6n,Supertrend 1.0 with Alerts,scarf,2316,True,https://www.tradingview.com/script/TunYA7oc-Supertrend-1-0-with-Alerts/,supertrend
PUB;1913,CamarillaStrategy -V1 - H4 and L4 breakout - exits added,cristian.d,2303,True,https://www.tradingview.com/script/tBJNISwj-CamarillaStrategy-V1-H4-and-L4-breakout-exits-added/,breakout
PUB;8ec0d3e25ed04588b703209ddd57fe3e,RSI and ATR Trend Reversal SL/TP,joseph_lemery,2303,True,https://www.tradingview.com/script/hZLgJ29l-RSI-and-ATR-Trend-Reversal-SL-TP/,reversal
PUB;5c2a23a356ef43af9b5ddd570421885a,Candle Breakout Oscillator [LuxAlgo],LuxAlgo,2300,True,https://www.tradingview.com/script/o64HDTQk-Candle-Breakout-Oscillator-LuxAlgo/,breakout
PUB;033cbeb556c94ff890b394c9b87ac217,ICT Setup 03 [TradingFinder] Judas Swing NY 9:30am + CHoCH/FVG,TradingFinder,2292,True,https://www.tradingview.com/script/mRmLRVSW-ICT-Setup-03-TradingFinder-Judas-Swing-NY-9-30am-CHoCH-FVG/,swing
PUB;53c39189baf24d43a3b4b994f8598aab,Triple Supertrend Confluence [MarkitTick],MarkitTick,2290,True,https://www.tradingview.com/script/J3lVk5Qo-Triple-Supertrend-Confluence-MarkitTick/,supertrend
PUB;fWrQOVyzozsGJOSqq0Aj78JMIKnyDYdZ,[RS]Swing Charts V0 Trend Counter V0,RicardoSantos,2288,True,https://www.tradingview.com/script/AS5zongJ-RS-Swing-Charts-V0-Trend-Counter-V0/,swing
PUB;265b5fa74bc64c099ba60a75a57df35d,Swing Structure Forecast [BOSWaves],BOSWaves,2282,True,https://www.tradingview.com/script/Ft4zyO1F-Swing-Structure-Forecast-BOSWaves/,swing
PUB;lcAyAeNEsA8mrA7Ac592PLWh6aHS5LeI,Reverse Stochastic Momentum Index On Chart,The_Caretaker,2277,True,https://www.tradingview.com/script/rCfo5HHf-Reverse-Stochastic-Momentum-Index-On-Chart/,momentum
PUB;f47f467072594ab199cfe14199bf115f,Smart Money Setup 02 [TradingFinder] Mitigated Major OB Proof,TradingFinder,2277,True,https://www.tradingview.com/script/OAlYxOsf-Smart-Money-Setup-02-TradingFinder-Mitigated-Major-OB-Proof/,smart money
PUB;y3je4vZplwOH3kXBZzfmnx9Glrwiqj7y,FRAMA - Supertrend strategy,03.freeman,2272,True,https://www.tradingview.com/script/y81orwSC-FRAMA-Supertrend-strategy/,supertrend
PUB;hA8xIDIjGB25SGkKGUFMXk4aKq8nIHJR,Trend Surfers - Premium Breakout + Alerts,TrendSurfersSignals,2269,True,https://www.tradingview.com/script/w91kwvnX-Trend-Surfers-Premium-Breakout-Alerts/,breakout
PUB;3Q0G9E0ADyQW7XEBh2F2URy0V9et5LN7,Swing Indicator,BacktestRookies,2247,True,https://www.tradingview.com/script/NruSc6wF-Swing-Indicator/,swing
PUB;19cf9554dbfa425fa374ad82769a284f,Phase Exhaustion Reversal [BullByte],BullByte,2240,True,https://www.tradingview.com/script/XMXlfzMW-Phase-Exhaustion-Reversal-BullByte/,reversal
PUB;457a1c0782874a1fb0334703bac76589,Swing Flow Indicator [ChartPrime],ChartPrime,2238,True,https://www.tradingview.com/script/BtGC9TGm-Swing-Flow-Indicator-ChartPrime/,swing
PUB;5d86576eee5b4df7975669dac3c4405c,Hybrid Smart Money Concepts [MarkitTick],MarkitTick,2222,True,https://www.tradingview.com/script/rS2PGmNY-Hybrid-Smart-Money-Concepts-MarkitTick/,smart money
PUB;aec20602c895419896b9a2f2d078665f,StealthTrail SuperTrend [WillyAlgoTrader],WillyAlgoTrader,2220,True,https://www.tradingview.com/script/fdiiZPk6-StealthTrail-SuperTrend-WillyAlgoTrader/,supertrend
PUB;acff5b861054426985cffaffd16c6eb7,Squeeze Momentum Strategy [LazyBear] Buy Sell TP SL Alerts,mtahreemalam,2218,True,https://www.tradingview.com/script/lEQZl0vE-Squeeze-Momentum-Strategy-LazyBear-Buy-Sell-TP-SL-Alerts/,squeeze
PUB;4ab0dd07fe5a4f42b2614f8f50952b92,Supertrend (Buy/Sell) With TP & SL,JDTJDTTradingCo,2216,True,https://www.tradingview.com/script/RAkHiH8s-Supertrend-Buy-Sell-With-TP-SL/,supertrend
PUB;ce54c7a9cce14f5bbce6e106400d47a4,Advanced Momentum Scanner [QuantAlgo],QuantAlgo,2200,True,https://www.tradingview.com/script/S08bB7D5-Advanced-Momentum-Scanner-QuantAlgo/,momentum
PUB;FAruOypgiW327ga8klkNLTZTXjB33iGx,Volume Based Buy and Sell Momentum by 2tm,Siyeon,2195,True,https://www.tradingview.com/script/oG3G1T09-Volume-Based-Buy-and-Sell-Momentum-by-2tm/,momentum
PUB;d01b699b22b84c7caaac95a5bad66a2c,Kalman Hull Supertrend [BackQuant],BackQuant,2195,True,https://www.tradingview.com/script/PPHncdRt-Kalman-Hull-Supertrend-BackQuant/,supertrend
PUB;fac46a5304b94d7497bc88bc021971f7,Smart Money Flow Cloud [BOSWaves],BOSWaves,2190,True,https://www.tradingview.com/script/IfLZr1LG-Smart-Money-Flow-Cloud-BOSWaves/,smart money
PUB;038f3fa923a74de1877ea6ed32db20d9,Breakout Support & Resistance SwiftEdge,SwiftEdge,2183,True,https://www.tradingview.com/script/n08Xow2Z-Breakout-Support-Resistance-SwiftEdge/,breakout
PUB;rjYTGi29Opbn3ZjWS7uDpxwiUcbx2wvi,PRO Momentum,PRO_Indicators,2182,False,https://www.tradingview.com/script/5W1fuKNr-PRO-Momentum/,momentum
PUB;51220457b85a41948e8db7ed7cd23503,Volatility Contraction,ymehta50,2175,True,https://www.tradingview.com/script/kQkTd6Ek-Volatility-Contraction/,volatility contraction
PUB;6f0a338c6be1430a8c5217dfd96033ff,Liquidity Swings & Sweeps,outofoptions,2174,True,https://www.tradingview.com/script/sheX75nN-Liquidity-Swings-Sweeps/,swing
PUB;44d471448c7345f2a1c681d6bb25f43d,Intermarket Swing Projection [LuxAlgo],LuxAlgo,2168,True,https://www.tradingview.com/script/fSiyCIkr-Intermarket-Swing-Projection-LuxAlgo/,swing
PUB;VOsGWEcEBWriX7RJssfwix82Us1ATGsI,Breakout Volume Can Help Confirm Other Signals,TradeStation,2163,True,https://www.tradingview.com/script/pMsDVI1R-Breakout-Volume-Can-Help-Confirm-Other-Signals/,breakout
PUB;a0d011f28a834808965de1012e2656b5,Trinity Reversal Pattern [AlgoAlpha],AlgoAlpha,2163,True,https://www.tradingview.com/script/tpwLa60j-Trinity-Reversal-Pattern-AlgoAlpha/,reversal
PUB;92hkvBgDojb62GjdYa14SXHwgsacSgnW,GBPUSD TREND DETECTION AND BUY/SELL ARROW SIGNALS INDICATOR,atmospherestockstrade,2160,False,https://www.tradingview.com/script/i7fK3lcv-GBPUSD-TREND-DETECTION-AND-BUY-SELL-ARROW-SIGNALS-INDICATOR/,buy sell signal
PUB;3623c710ede145df9b2e536a90f2674c,Smart Swing VWAP (Zeiierman),Zeiierman,2159,True,https://www.tradingview.com/script/K0dz3kws-Smart-Swing-VWAP-Zeiierman/,swing
PUB;54f8894b40b24ceeaec2b8fb42196f47,Trend Reversal Probability Calculator,cyatophilum,2155,True,https://www.tradingview.com/script/dwzOuO3c-Trend-Reversal-Probability-Calculator/,reversal
PUB;d186ce6483054999980e1050d57a2f2f,Reversal Indicator,Fun_Trades,2146,True,https://www.tradingview.com/script/GqMNH1GU-Reversal-Indicator/,reversal
PUB;34f7fad7698e426aa0c1b9a5e91d3ae1,Smart money concept,quangcttn,2145,True,https://www.tradingview.com/script/ch9FVPgp-Smart-money-concept/,smart money
PUB;0ad6959416db48ce8276ed41c233f0fb,SwingConfidence Score,finallynitin,2139,False,https://www.tradingview.com/script/oHBA2gfQ-SwingConfidence-Score/,swing
PUB;1478,[RS]Bollinger Bands Breakout Candles V0,RicardoSantos,2136,True,https://www.tradingview.com/script/4ZXqqOkU-RS-Bollinger-Bands-Breakout-Candles-V0/,breakout
PUB;e1a54708fefe477aa057d33e8a2af414,Fibonacci Levels Based on Supertrend  [By MUQWISHI],MUQWISHI,2135,True,https://www.tradingview.com/script/ziw9l3lF-Fibonacci-Levels-Based-on-Supertrend-By-MUQWISHI/,supertrend
PUB;36834c5e68b54621b9be92d24916b947,Dynamic Median Momentum Oscillator [AlgoAlpha],AlgoAlpha,2131,True,https://www.tradingview.com/script/EDgeowAw-Dynamic-Median-Momentum-Oscillator-AlgoAlpha/,momentum
PUB;cab9a33de7db48f78b6d797b7fcd87e9,Bollinger Bands - Breakout Strategy,TheSocialCryptoClub,2125,True,https://www.tradingview.com/script/sTFw2fOj-Bollinger-Bands-Breakout-Strategy/,breakout
PUB;6aJQDoexTmo7Gj4Zq2daa136DurrkWKj,EMA Indicators with BUY sell Signal,kgiap123,2122,True,https://www.tradingview.com/script/7AHoot7I-EMA-Indicators-with-BUY-sell-Signal/,buy sell signal
PUB;dbf1d26d1a1d44c3ac83d2231e0c0fbd,ORB - Opening Range Breakout + Alerts,VeroTradeX,2121,True,https://www.tradingview.com/script/XigiY7bc-ORB-Opening-Range-Breakout-Alerts/,breakout
PUB;9bc0965235ec4e1daf3f3eff6d6dbb10,Swing Volume Profile Pro [WillyAlgoTrader],WillyAlgoTrader,2117,True,https://www.tradingview.com/script/7yozLqCv-Swing-Volume-Profile-Pro-WillyAlgoTrader/,swing
PUB;l2CiHDAk2N9af9I4hLmzDD0OYCUuPX2x,Supertrend Buy or Sell Signal - oringan fix,ducksjc,2116,True,https://www.tradingview.com/script/hUN01mIR-Supertrend-Buy-or-Sell-Signal-oringan-fix/,buy sell signal
PUB;6bb35bdff1da4eadbc50bfcff9454a77,Multi-Asset SuperTrend Map [BigBeluga],BigBeluga,2115,True,https://www.tradingview.com/script/Dt8rI0WN-Multi-Asset-SuperTrend-Map-BigBeluga/,supertrend
PUB;PizQtnPRdix3whmhpOi0kwoXHUImjdUk,EMA+RSI Pump & Drop Swing Sniper (With Alerts),mmoiwgg,2112,True,https://www.tradingview.com/script/N5fOzdKC-EMA-RSI-Pump-Drop-Swing-Sniper-With-Alerts/,swing
PUB;ed515ceeb892418196d634e34e75d3f6,Asian Liquidity Sweep + NY Reversal [NY Only],harry_adera,2111,True,https://www.tradingview.com/script/F3sYchIW-Asian-Liquidity-Sweep-NY-Reversal-NY-Only/,reversal
PUB;f248900cf45d4f5d80c8eb8e1557849b,Smart Money Signals,BOSWaves,2108,True,https://www.tradingview.com/script/H6YMzWsv-Smart-Money-Signals/,smart money
PUB;brcH9KCdP1DjZqkJ8TNSGvB94fwoxkOk,Gold/Silver 30m Only Strategy Buy/Sell Signals,MtxTrader,2105,True,https://www.tradingview.com/script/lx4O1PPu-Gold-Silver-30m-Only-Strategy-Buy-Sell-Signals/,buy sell signal
PUB;lXU5upPuhaWClj5eq9hs0Q4vFnLGEytN,Trend Following Bar,LonesomeTheBlue,2103,True,https://www.tradingview.com/script/UGgNcgNi-Trend-Following-Bar/,trend following
PUB;627508cc3e364e819320b2c6ade52227,Support and Resistance Breakout Signals [MarkitTick],MarkitTick,2093,True,https://www.tradingview.com/script/mJu1fwI4-Support-and-Resistance-Breakout-Signals-MarkitTick/,breakout
PUB;Rp5AIvuHlnyi3BmOwOzuxUyfoMyEKGbN,RvZ - Reversal Zones Indicator..!,sanjay_ramanathan,2092,False,https://www.tradingview.com/script/Tc848MfH-RvZ-Reversal-Zones-Indicator/,reversal
PUB;e37dfc9f8483425f90066f6bd29bc6df,Sweep Reversal Map+ [Herman],helmans13,2088,True,https://www.tradingview.com/script/kQTW8mzu-Sweep-Reversal-Map-Herman/,reversal
PUB;aa1cfa6826d44a9a9e87edbfcb5c9d67,Quantcrawler ORB Strategy with Adaptive Risk and Session Levels,QuantCrawler,2081,False,https://www.tradingview.com/script/LNECVcuq-Quantcrawler-ORB-Strategy-with-Adaptive-Risk-and-Session-Levels/,breakout
PUB;lLe3JKuZjnyjViUZ2k37Mmmd2kenDINv,(JS) Squeeze Pro 2,J-Streak,2080,True,https://www.tradingview.com/script/557GijRq-JS-Squeeze-Pro-2/,squeeze
PUB;2444," UPdate Intraday TS ,BB + Buy/Sell +Squeeze Mom.+ adx-dmi",MarcoValente,2080,True,https://www.tradingview.com/script/0HH9CpAb-UPdate-Intraday-TS-BB-Buy-Sell-Squeeze-Mom-adx-dmi/,squeeze
PUB;e6a8f68c68954e7a895cf83efb892673,Momentum Trail Oscillator [AlgoAlpha],AlgoAlpha,2079,True,https://www.tradingview.com/script/ASMMKIgo-Momentum-Trail-Oscillator-AlgoAlpha/,momentum
PUB;7dabef82c18a47fa83ff54275b617f2d,Predictive Breakout Channels | GainzAlgo,GainzAlgo,2060,True,https://www.tradingview.com/script/zZWIEFzu-Predictive-Breakout-Channels-GainzAlgo/,breakout
PUB;d4831a7aaa5a43e284b3e1a68fe7310e,ICT Setup 02 [TradingFinder] Breaker Blocks + Reversal Candles,TradingFinder,2059,True,https://www.tradingview.com/script/iJnOJ2VF-ICT-Setup-02-TradingFinder-Breaker-Blocks-Reversal-Candles/,reversal
PUB;8c16eaf825264331915daafee2258fcb,Momentum Index [BigBeluga],BigBeluga,2057,True,https://www.tradingview.com/script/USCjtOVV-Momentum-Index-BigBeluga/,momentum
PUB;49332c3f652a4a58b65c577e759d8158,ATR Supertrend [QuantAlgo],QuantAlgo,2057,True,https://www.tradingview.com/script/5ZlvGLXX-ATR-Supertrend-QuantAlgo/,supertrend
PUB;NeID107WUkDH7KeKBvl4zjtKDUdvIXA1,Swing Hull/rsi/EMA Strategy,Windwaker,2056,True,https://www.tradingview.com/script/syRkfqhT-Swing-Hull-rsi-EMA-Strategy/,swing
PUB;b6120f88a8b948e2985c2023df302bae,Smart Money Concept + Strategy Backtesting Toolkit [Shah],AlphaWings,2054,False,https://www.tradingview.com/script/WTMcQK3B-Smart-Money-Concept-Strategy-Backtesting-Toolkit-Shah/,smart money
PUB;5cbb7aa2400941059f6807f6a1942ebf,Ichimoku all signals,salarkamjoo,2045,True,https://www.tradingview.com/script/2WBBRxKi-Ichimoku-all-signals/,breakout
PUB;534bddfb35b548b581fd545049ad2227,Range Breakout Signals (Intrabar) [LuxAlgo],LuxAlgo,2034,True,https://www.tradingview.com/script/2Zsl3LwQ-Range-Breakout-Signals-Intrabar-LuxAlgo/,breakout
PUB;3Iye7Hn1DeD6wD1IHBtamKXQeff5fSmu,Squeeze Momentum Indicator [LazyBear] vHMA,SeaSide420,2030,True,https://www.tradingview.com/script/P2fLPqDl-Squeeze-Momentum-Indicator-LazyBear-vHMA/,squeeze
PUB;a94fed39d2de41aca130bd70664b7b95,Imbalance - smart money power,Jayce_Pham,2027,False,https://www.tradingview.com/script/aotDA0j1-Imbalance-smart-money-power/,smart money
PUB;9d825d43dfe64b9fba283a47f1a7e01d,[FXAN] 77 Cygni Algorithm (Swing Trading),FXAN,2021,False,https://www.tradingview.com/script/UtEfBP4i-FXAN-77-Cygni-Algorithm-Swing-Trading/,swing
PUB;38f64446a56c4436b670c3deed854ce1,Support and Resistance Multiperiod (Zig Zag Based),Arun_K_Bhaskar,2019,True,https://www.tradingview.com/script/BiuB44Gk-Support-and-Resistance-Multiperiod-Zig-Zag-Based/,swing
PUB;a1b25d0841404608b89f86d41a395aca,Swing Failure Zones and Signals [AlgoAlpha],AlgoAlpha,2016,True,https://www.tradingview.com/script/tdAuf5tG-Swing-Failure-Zones-and-Signals-AlgoAlpha/,swing
PUB;7909a7799703423ea0c5a4af56702ea2,itrade buy/sell,Kryyev1,2011,True,https://www.tradingview.com/script/D9f49Af1-itrade-buy-sell/,buy sell signal
PUB;ucXLyLaonvQXntmG0K2rFoSz6gx6hjmz,PivotPoints with Momentum confirmation by PeterO,Peter_O,1998,True,https://www.tradingview.com/script/aSJnbGnI-PivotPoints-with-Momentum-confirmation-by-PeterO/,momentum
PUB;89d633a4296c434ba5c06247e751fc7b,Reversal Entry Zones,tradewsamet,1992,True,https://www.tradingview.com/script/bL15fkG1-Reversal-Entry-Zones/,reversal
PUB;1292,Fractals average breakout [FB],frankie.baumann,1990,True,https://www.tradingview.com/script/OApomOwt-Fractals-average-breakout-FB/,breakout
PUB;4e5d712bec6642af80076b0ed277e460,GEX Levels Dashboard - ES/SPX/SPY Gamma Exposure,TLADe_TradeLikeaDealer,1990,True,https://www.tradingview.com/script/FnH0YWPK-GEX-Levels-Dashboard-ES-SPX-SPY-Gamma-Exposure/,breakout
PUB;efe50977da964263a293669785c8910d,Triple Supertrend + Stoch RSI + 200 EMA by @DaviddTech,daviddtech,1990,False,https://www.tradingview.com/script/OI13Ltds-Triple-Supertrend-Stoch-RSI-200-EMA-by-DaviddTech/,supertrend
PUB;69089e0f4f2a422b9e6675f2d50da40a,Volume Surge Breakout + TP/SL,Uncle_the_shooter,1976,True,https://www.tradingview.com/script/0ulFLumh-Volume-Surge-Breakout-TP-SL/,breakout
PUB;173d314122b941e281f4dc254a40c0ed,LOKEN (v4) BULLISH SMART MONEY,LOKEN94,1974,True,https://www.tradingview.com/script/DlWtErRh-LOKEN-v4-BULLISH-SMART-MONEY/,smart money
PUB;0016b5dbe40449a6ab38cd7f94da1ab2,SuperTrend Dual RMA,honeydev9598,1968,True,https://www.tradingview.com/script/Ew3tyye4-SuperTrend-Dual-RMA/,supertrend
PUB;062c703da4eb4d18bbe144c6fad3affe,K's Reversal Indicator I,Sofien-Kaabar,1963,True,https://www.tradingview.com/script/Olzkkwl2-K-s-Reversal-Indicator-I/,reversal
PUB;1643,Outside Reversal SetUp,cristian.d,1958,True,https://www.tradingview.com/script/2PhSMAJg-Outside-Reversal-SetUp/,reversal
PUB;f135c296305a48fc926bff6463cfc89a,Smart Money Essentials [TFO],tradeforopp,1954,False,https://www.tradingview.com/script/uHLqwH9d-Smart-Money-Essentials-TFO/,smart money
PUB;530886770ca84f2f936587984eabaf5b,Smart Money Liquidity Heatmap [AlgoAlpha],AlgoAlpha,1953,True,https://www.tradingview.com/script/A12MmaRH-Smart-Money-Liquidity-Heatmap-AlgoAlpha/,smart money
PUB;a60f326bd7c34b41a4f24f9a824de700,Smart Money Liquidation Exploits [AlgoAlpha],AlgoAlpha,1948,True,https://www.tradingview.com/script/cAkHfnXI-Smart-Money-Liquidation-Exploits-AlgoAlpha/,smart money
PUB;kXfwRuXmjScxBo11slVngFOCW0nc6Jsw,VWMA/SMA Breakout and Divergence Detector,ProfitProgrammers,1936,True,https://www.tradingview.com/script/bD5kUkXX-VWMA-SMA-Breakout-and-Divergence-Detector/,breakout
PUB;cMOzTDAbZDHpkbea8iPeGYo3aslE6a0s,"FXN - Buy Sell Signals, EMA 5 / 13 Cross",RobMinty,1933,True,https://www.tradingview.com/script/e53is497-FXN-Buy-Sell-Signals-EMA-5-13-Cross/,buy sell signal
PUB;ccd613bf652d4d59b19f31481dd7fe5c,Smart FlexRange Breakout [The_lurker],The_lurker,1932,True,https://www.tradingview.com/script/MNFT8aY6-Smart-FlexRange-Breakout-The-lurker/,breakout
PUB;4lAau14PsBPklIWmY91eZa6IG7W8O5bx,Squeeze Box [DW],DonovanWall,1929,True,https://www.tradingview.com/script/Bin98rqQ-Squeeze-Box-DW/,squeeze
PUB;bbe3539bd196421ca88c0d63b643b5e9,Power Root SuperTrend [AlgoAlpha],AlgoAlpha,1924,True,https://www.tradingview.com/script/UUGVIS4O-Power-Root-SuperTrend-AlgoAlpha/,supertrend
PUB;wByzLwh77vi6fAkLs29LgJJZRnnzqQk9,Smart Indicator 28 - Swing Pivots (Higher Highs and Lower Lows),RodrigoKazuma,1916,True,https://www.tradingview.com/script/0vU6cS5H-Smart-Indicator-28-Swing-Pivots-Higher-Highs-and-Lower-Lows/,swing
PUB;018295f959fc4e4695337c16c38c1a09,SuperTrend Logistic Regression | Flux Charts,fluxchart,1916,True,https://www.tradingview.com/script/eUJZg1eG-SuperTrend-Logistic-Regression-Flux-Charts/,supertrend
PUB;e57270b83d00400caa55d1f38496d432,Swing Pivots High Low,Vortus,1907,True,https://www.tradingview.com/script/mcWqW3SB-Swing-Pivots-High-Low/,swing
PUB;b7719c894ba64f16a3d8d7a1a1f91b0e,Strong Breakout Signals | ProjectSyndicate,ProjectSyndicate,1905,True,https://www.tradingview.com/script/QPkc6sfn-Strong-Breakout-Signals-ProjectSyndicate/,breakout
PUB;9533853ded4e404195105a1baf79d45e,ZigZag Chart with Supertrend,LonesomeTheBlue,1904,True,https://www.tradingview.com/script/nEzUk66b-ZigZag-Chart-with-Supertrend/,supertrend
PUB;24698e7036ee45ada0c431f4db13a28c,GEX Levels for NQ/NDX/QQQ Gamma Exposure,TLADe_TradeLikeaDealer,1900,True,https://www.tradingview.com/script/Ry5ZZ6Y2-GEX-Levels-for-NQ-NDX-QQQ-Gamma-Exposure/,breakout
PUB;eb3Qcuf7BOQYrEy8NrxLUJ2zxFrgg0fG,Whale Hunter [Gu5],gu5tavo71,1899,True,https://www.tradingview.com/script/U7Jc3oMH-Whale-Hunter-Gu5/,whale
PUB;8JP4qLYYdKtdlCZ1fC9wCyb3ZHVOsXog,Rob Booker Reversal Tabs,robbooker,1898,True,https://www.tradingview.com/script/sCFViUbr-Rob-Booker-Reversal-Tabs/,reversal
PUB;968f4e462a384afbad0dbed6cee42c5d,Low Volatility Breakout + TP/SL Levels,Uncle_the_shooter,1892,True,https://www.tradingview.com/script/teO8yyRg-Low-Volatility-Breakout-TP-SL-Levels/,breakout
PUB;645d5105346c448c917104b0408d0092,CandleStick [TradingFinder] - All Reversal & Trend Patterns,TradingFinder,1891,True,https://www.tradingview.com/script/CeVQ6Q2R-CandleStick-TradingFinder-All-Reversal-Trend-Patterns/,reversal
PUB;946986744f3d4ef8bb244ae62a81b73e,Flag Breakout Forecasts [AlgoAlpha],AlgoAlpha,1889,True,https://www.tradingview.com/script/HGEoGdDp-Flag-Breakout-Forecasts-AlgoAlpha/,breakout
PUB;144,3-Bar-Reversal-Pattern Strategy,HPotter,1889,True,https://www.tradingview.com/script/qeObRKH8-3-Bar-Reversal-Pattern-Strategy/,reversal
PUB;v0BBRrqmOdiw8A5M5XPPzaHix805kjhJ,CPR by Anand with PDL/PDH & Breakouts 15/30 mins,AnandVel,1881,True,https://www.tradingview.com/script/gCIauCjt-CPR-by-Anand-with-PDL-PDH-Breakouts-15-30-mins/,breakout
PUB;bed8df2b25a94129988a5d2d1c8a7e65,Equilibrium Momentum Shift + Divegence [BigBeluga],BigBeluga,1880,True,https://www.tradingview.com/script/467SFOco-Equilibrium-Momentum-Shift-Divegence-BigBeluga/,momentum
PUB;8b2dec82e6274dcdb2a5830f057ce724,TIA Gann Swing Indicator,TIA_Technologies,1878,False,https://www.tradingview.com/script/xoe6u4JS-TIA-Gann-Swing-Indicator/,swing
PUB;bd34e7ae5927410a950dad922a936048,Reversal Signals & Trailing Stop [AlgoAlpha],AlgoAlpha,1876,True,https://www.tradingview.com/script/iyp96UKb-Reversal-Signals-Trailing-Stop-AlgoAlpha/,reversal
PUB;cw2cjgjJGSfOEGp1i58F0wyQnHOS4FdD,Trend Following MAs 3D,LonesomeTheBlue,1871,True,https://www.tradingview.com/script/Vb8jW3I2-Trend-Following-MAs-3D/,trend following
PUB;54609177be4d45b18f7e0d2dbcd255b1,Versatile Scalper,CraftyPicks,1852,True,https://www.tradingview.com/script/DGYGVDxx-Versatile-Scalper/,supertrend
PUB;cea09d1c6658400eb5c2f4f60b145db9,Swing Failure Pattern,Greg_007,1850,True,https://www.tradingview.com/script/oY9eHyso-Swing-Failure-Pattern/,swing
PUB;1db043e1ef7448bab4ca07049a3c82a3,SuperTrendy,TheRealDrip2Rip,1843,True,https://www.tradingview.com/script/jsZD85PS-SuperTrendy/,supertrend
PUB;ULR9PMiYrRu65vqqUkbIT3UOsHJ9DBsW,Auto Analysis Short-term Reversals Exploration,ceyhun,1842,True,https://www.tradingview.com/script/P7QQl4HJ-Auto-Analysis-Short-term-Reversals-Exploration/,reversal
PUB;73adad1dbfda49b59f0bec610afc808c,Reversal Confirmations [QuantVue],QuantVue,1834,True,https://www.tradingview.com/script/3SuZmC5o-Reversal-Confirmations-QuantVue/,reversal
PUB;2803472c6794447f8e49c0fec041fadd,Smart Money Volume Matrix [Ata],ata_sabanci,1829,True,https://www.tradingview.com/script/jgcJDFDF-Smart-Money-Volume-Matrix-Ata/,smart money
PUB;31fdcfb3e79641e28d9e45e369b8e9a1,MTF Swing Highs and Lows w/ Supply and Demand Zones,KaizenTraderB,1815,True,https://www.tradingview.com/script/xNQLWE1D-MTF-Swing-Highs-and-Lows-w-Supply-and-Demand-Zones/,swing
PUB;83ad87a733ba4783be72b1a5d321bccc,AI-Powered Breakout with Advanced Features,danylosam,1814,True,https://www.tradingview.com/script/0SpQFqSA-AI-Powered-Breakout-with-Advanced-Features/,breakout
PUB;38a8afc002e147fb9676126ccd250373,Structure Breakout - Buy Sell Indicator,ChandraBose2002,1813,True,https://www.tradingview.com/script/Huy5davk-Structure-Breakout-Buy-Sell-Indicator/,breakout
PUB;Dw291HFvzFOboAPMDPJY4TU6ZOeEUTHz,SuperTrend Strategy,kakanikos,1812,False,https://www.tradingview.com/script/mgNmV9FH-SuperTrend-Strategy/,supertrend
PUB;b5270875b75545d29327e7ce045f8062,[ A L P H A X ] Edge - Support/Resistance | Breakout Entry,AlphaX-Trade,1811,True,https://www.tradingview.com/script/Io7D98PN-A-L-P-H-A-X-Edge-Support-Resistance-Breakout-Entry/,breakout
PUB;818396d0f70f466f981cb1a97feaf7f2,Smart Money Scalp,erdensedat,1807,True,https://www.tradingview.com/script/z3eImyI0-Smart-Money-Scalp/,smart money
PUB;dhhZpRziil5IJFTRKJ9EreGYgVz2rHr8,Opening Range Breakout Lines,tretgothacks,1803,True,https://www.tradingview.com/script/9rU4t3p7-Opening-Range-Breakout-Lines/,breakout
PUB;vOKfIfLc0gfwsTjtQWrpj4B5T1PCIhyT,Stochastic Momentum Index,JacobTyler,1791,True,https://www.tradingview.com/script/eubdyhzk-Stochastic-Momentum-Index/,momentum
PUB;234b7db11ac84b6c850093178604d969,Adaptive Fourier Transform Supertrend [QuantAlgo],QuantAlgo,1789,True,https://www.tradingview.com/script/zhdWKMCj-Adaptive-Fourier-Transform-Supertrend-QuantAlgo/,supertrend
PUB;30e0e968912341c2b1b97be3ca10365f,Regression Trend Reversal Signals & Forecasts [AlgoAlpha],AlgoAlpha,1785,True,https://www.tradingview.com/script/RmzsO7uu-Regression-Trend-Reversal-Signals-Forecasts-AlgoAlpha/,reversal
PUB;f150475290634bf69684ce8a27fa26bd,Orb breakout ,Shauryam_or,1784,True,https://www.tradingview.com/script/MwxMQzFR-Orb-breakout/,breakout
PUB;2cbb5cb4c4c247428466d4ed5c987a4b,Machine Learning: SuperTrend Strategy TP/SL [YinYangAlgorithms],YinYangAlgorithms,1779,True,https://www.tradingview.com/script/9Mm3qKME-Machine-Learning-SuperTrend-Strategy-TP-SL-YinYangAlgorithms/,supertrend
PUB;51ecc1eba78d4f3d8ec9f5f31c8eec4c,MACD Momentum Entry Engine [trade_w_samet],tradewsamet,1776,True,https://www.tradingview.com/script/PVc2cBqP-MACD-Momentum-Entry-Engine-trade-w-samet/,momentum
PUB;KK5leNnGLKwgZyNGcmzcuBaIIvpvQyXY,BO Swing Finder R0.6 by JustUncleL,JustUncleL,1776,True,https://www.tradingview.com/script/T7HOox7D-BO-Swing-Finder-R0-6-by-JustUncleL/,swing
PUB;zrUeD2Dtl0zlAz3GIVAas6isYtHzGQkP,Renko Buy/Sell Signals - @IchimokuScholar,jwoodhe1,1774,False,https://www.tradingview.com/script/APSTEdDA-Renko-Buy-Sell-Signals-IchimokuScholar/,buy sell signal
PUB;Hmtyo7KwG8VrkShopKmqdn1JndfFGLwS,Best Bulls Bears Volume trend Breakout V2 [badshah_e_alam],TJalam,1771,True,https://www.tradingview.com/script/vcT1SgDX-Best-Bulls-Bears-Volume-trend-Breakout-V2-badshah-e-alam/,breakout
PUB;370cbbc7e524495b958ee7d7c17d503e,Reversal zone finder,UnknownUnicorn2078160,1769,True,https://www.tradingview.com/script/CeXTaFlR-Reversal-zone-finder/,reversal
PUB;69861f3ef4cb476098385b9ff4a8697f,Pocket Pivot Breakout,simatricks,1767,True,https://www.tradingview.com/script/cPBPBvx4-Pocket-Pivot-Breakout/,breakout
PUB;058d6c633ffa4ddcb84356b412b9a6c1,Swing Boxes,tarasenko_,1757,True,https://www.tradingview.com/script/Rd33PlMt-Swing-Boxes/,swing
PUB;d960ee4d1fb64f1a9b5cba12dc6e1040,Squeeze Breakout Pro [WillyAlgoTrader],WillyAlgoTrader,1740,True,https://www.tradingview.com/script/9bwEi6EK-Squeeze-Breakout-Pro-WillyAlgoTrader/,breakout
PUB;824,Anchored Momentum [LazyBear],LazyBear,1729,True,https://www.tradingview.com/script/TBTFDWDq-Anchored-Momentum-LazyBear/,momentum
PUB;3128,"MULTIPLE TIME-FRAME STRATEGY(TREND, MOMENTUM, ENTRY) ",tux,1729,True,https://www.tradingview.com/script/gciwtPOi-MULTIPLE-TIME-FRAME-STRATEGY-TREND-MOMENTUM-ENTRY/,momentum
PUB;rIHacHZXgSE4yaAyofGctEl5Wa8MR7qt,Combo Strategy 123 Reversal & Fractal Chaos Bands,HPotter,1728,True,https://www.tradingview.com/script/ApsQmW8f-Combo-Strategy-123-Reversal-Fractal-Chaos-Bands/,reversal
PUB;l82piEh1UtBj4xPF8wCR909gaI0qrTEC,Darvas Box/Turtle Way Breakouts v.2 by Zekis,edward_Z,1727,False,https://www.tradingview.com/script/2o314sMx-Darvas-Box-Turtle-Way-Breakouts-v-2-by-Zekis/,breakout
PUB;956b91b4812b40ae9ba0984f3aaeeb86,Smart Money Flow Signals [QuantAlgo],QuantAlgo,1721,True,https://www.tradingview.com/script/HmEj4YXg-Smart-Money-Flow-Signals-QuantAlgo/,smart money
PUB;AufIwSCjs1qWuof1JoVPlv3Hm1eiLu09,Intraday Momentum Index,everget,1717,True,https://www.tradingview.com/script/1R88ynW5-Intraday-Momentum-Index/,momentum
PUB;274cddd167034b5ca4e2d97ac3409b2c,Session Killzones & Breakouts [BigBeluga],BigBeluga,1713,True,https://www.tradingview.com/script/uf6Cby1s-Session-Killzones-Breakouts-BigBeluga/,breakout
PUB;86eb329a6c8e452da6645ab98ae5718b,RSI Breakout Zones,Uncle_the_shooter,1711,True,https://www.tradingview.com/script/87jmRLJT-RSI-Breakout-Zones/,breakout
PUB;eb0f2f27c49e46aeb32b74c8bee324c3,Liquidity Buy Signal,StrategyLAB_,1706,True,https://www.tradingview.com/script/LUsPP8in-Liquidity-Buy-Signal/,buy sell signal
PUB;93fb1179cd834c2c8512c022190f7d7d,Hurst Diamond Notation Pivots,BarefootJoey,1705,True,https://www.tradingview.com/script/DaukfrmD-Hurst-Diamond-Notation-Pivots/,diamond
PUB;aed85544b27b43cd9e9c0e592d4e570b,Liquidity Sweep of Candle & Swing @MaxMaserati 3.0,MaxMaserati,1690,True,https://www.tradingview.com/script/maH4ruXX-Liquidity-Sweep-of-Candle-Swing-MaxMaserati-3-0/,swing
PUB;f21ce88c06494df3a8c49efdd78f7577,Supertrend x4 w/ Cloud Fill,KushC,1690,True,https://www.tradingview.com/script/BiJJn9zv-Supertrend-x4-w-Cloud-Fill/,supertrend
PUB;4658621ba38d46b9ae4abf62a4b6707d,Cyclic Reversal Engine [AlgoPoint],Iamalala,1687,True,https://www.tradingview.com/script/UTojATi0-Cyclic-Reversal-Engine-AlgoPoint/,reversal
PUB;2ed531eecaf4479f850d42078fb57a36,Smart Money Trap Signal,richiedino90,1687,True,https://www.tradingview.com/script/M6tPgEMd-Smart-Money-Trap-Signal/,smart money
PUB;554ace4e645540c2983c9f18a213dd04,MACD Momentum Structure & Volume Profile Sniper [MTF],Csmile_,1680,True,https://www.tradingview.com/script/1Cn41nGD-MACD-Momentum-Structure-Volume-Profile-Sniper-MTF/,momentum
PUB;f845a1f7e31e4e70b4b146b8152519f0,Swing Reversal Auto Targets [JPT] - Module 1,Jos-ProTrader,1679,True,https://www.tradingview.com/script/CKpLwLIZ-Swing-Reversal-Auto-Targets-JPT-Module-1/,reversal
PUB;c3VivA6w7nPKbOLQrqN2An9OYkvHKPS5,[RS]ZigZag Percent Reversal - LVL2,RicardoSantos,1677,True,https://www.tradingview.com/script/6v2cG94T-RS-ZigZag-Percent-Reversal-LVL2/,reversal
PUB;19984abceff64b6e9cdf9f907f482de4,Volatility Gated Supertrend [BackQuant],BackQuant,1675,True,https://www.tradingview.com/script/UsLuKZH9-Volatility-Gated-Supertrend-BackQuant/,supertrend
PUB;ea3d9e27b7b6418493d5831a80e2e0f7,NhaDuHanhFX - Gann Swings,NhaDuHanhFX,1674,False,https://www.tradingview.com/script/2QUxfCFB-NhaDuHanhFX-Gann-Swings/,swing
PUB;165e9097fc9d431b92a43947d7f7cd03,RSI true swings,iitiantradingsage,1673,True,https://www.tradingview.com/script/K6YXCogW-RSI-true-swings/,swing
PUB;094ea76613d34ce9b32502f6677912f5,Smart Money Renko Matrix [MarkitTick],MarkitTick,1668,True,https://www.tradingview.com/script/bnTPHZNg-Smart-Money-Renko-Matrix-MarkitTick/,smart money
PUB;5d0aaf3c193a45ad9cea2de113e5efb2,Adaptive Smart Money Liquidity Sweep Levels [AlgoAlpha],AlgoAlpha,1666,True,https://www.tradingview.com/script/GjZ8YU0x-Adaptive-Smart-Money-Liquidity-Sweep-Levels-AlgoAlpha/,smart money
PUB;3633560b6833432e8127c6c0ea2f3d7a,Supertrend + Fibonacci OTE Grid & Bands [BigBeluga],BigBeluga,1655,True,https://www.tradingview.com/script/5MNAEWMW-Supertrend-Fibonacci-OTE-Grid-Bands-BigBeluga/,supertrend
PUB;cbe27125eeb64f0da8b416803d52e7cf,BBTrend w SuperTrend decision - Strategy [presentTrading],PresentTrading,1653,True,https://www.tradingview.com/script/7C1kIEOn-BBTrend-w-SuperTrend-decision-Strategy-presentTrading/,supertrend
PUB;a874be99592f4a9da092b3b16142eb08,Adaptive AI SuperTrend [AlgoPoint],Iamalala,1649,True,https://www.tradingview.com/script/JDZtTlb3-Adaptive-AI-SuperTrend-AlgoPoint/,supertrend
PUB;25550673a4354c9187ec5b8a1bad060c,RSI Scalping & Swing Signals With Alerts,FriendOfTheTrend,1641,True,https://www.tradingview.com/script/BVSRPEs6-RSI-Scalping-Swing-Signals-With-Alerts/,swing
PUB;8fb663b1e0944ce8b524fd489b3d9014,MACD Divergence + MTF EMA Reversal by @DaviddTech,daviddtech,1637,False,https://www.tradingview.com/script/mFSouWh2-MACD-Divergence-MTF-EMA-Reversal-by-DaviddTech/,reversal
PUB;f8793d37deec4d7aae88a555c95e4408,Smart Money Concepts Engine [Quantum Algo],Quantum-Algo,1621,True,https://www.tradingview.com/script/nxjGgTLJ-Smart-Money-Concepts-Engine-Quantum-Algo/,smart money
PUB;d577dd12151a42d49a85353068a4eeb1,Bayesian BBSMA + nQQE Oscillator + Bank funds (whales detector),tartigradia,1616,True,https://www.tradingview.com/script/43zBXjjp-Bayesian-BBSMA-nQQE-Oscillator-Bank-funds-whales-detector/,whale
PUB;e1dcb831bc0d4db1be619dd2ab75faa4,SuperTrended Moving Averages Strategy,uysgkgd,1613,True,https://www.tradingview.com/script/2q8FhBYZ-SuperTrended-Moving-Averages-Strategy/,supertrend
PUB;2db5c704fc1f43f39b751fbb57028ab5,Volume Anomaly Reversal Detection,A1TradingHub,1603,True,https://www.tradingview.com/script/hzoJqhA0-Volume-Anomaly-Reversal-Detection/,reversal
PUB;9d0ed8f232ca40e6a4967e634df45974,Sweep & Reverse | Liquidity Sweep Reversal Strategy,blitz_locked,1602,True,https://www.tradingview.com/script/GoeqO1ev-Sweep-Reverse-Liquidity-Sweep-Reversal-Strategy/,reversal
PUB;BES9asyCQwVC3A1CW1IpFVQmYYeFgHr7,Wave Trend Momentum Oscillator,veryfid,1596,False,https://www.tradingview.com/script/yR4xtsnU-Wave-Trend-Momentum-Oscillator/,momentum
PUB;d117372b2af34f109873a5224cfddd6c,SuperTrend Toolkit,EliCobra,1592,True,https://www.tradingview.com/script/dhtT5sK0-SuperTrend-Toolkit/,supertrend
PUB;e784b5ae2b1d4e26a4097ce4d870bf29,FDI-Adaptive Supertrend w/ Floating Levels [Loxx],loxx,1590,True,https://www.tradingview.com/script/JAtirpgd-FDI-Adaptive-Supertrend-w-Floating-Levels-Loxx/,supertrend
PUB;HITAkQbMjH52VGUzocNwbtCudItvYuni,Supertrend with EMA,LonesomeTheBlue,1590,True,https://www.tradingview.com/script/xEtpZd0t-Supertrend-with-EMA/,supertrend
PUB;Gb33j8zpsmAzmEGdamcFvXbLzzkBKPzr,Swing Highs and Lows (version 2),SatoshiYoshimura,1586,True,https://www.tradingview.com/script/ep6qqkGL-Swing-Highs-and-Lows-version-2/,swing
PUB;3cadaadcc1da424db454824d5e8eb41c,✅ Heikin Ashi Trend Reversal Confirmed,alvaradoalonzo14,1583,True,https://www.tradingview.com/script/oEOLE2Jc-Heikin-Ashi-Trend-Reversal-Confirmed/,reversal
PUB;25d9955ddc3b4ed7a5d817412068d6ee,SuperTrend Fusion — Trend + Momentum + Volatility Filter,AlgoTrade_Pro,1580,True,https://www.tradingview.com/script/Qe9aWBlF-SuperTrend-Fusion-Trend-Momentum-Volatility-Filter/,momentum
PUB;Rx7wF5TwkI0uenYdD1wNH3c1iA5RRTvZ,TUX EMA Scalper+SuperTrend,LARIANE,1568,False,https://www.tradingview.com/script/Xf5ln80O-TUX-EMA-Scalper-SuperTrend/,supertrend
PUB;638854681c644e6aa6474527b0149f59,Protected Swings [LuxAlgo],LuxAlgo,1566,True,https://www.tradingview.com/script/7hDV5lWH-Protected-Swings-LuxAlgo/,swing
PUB;ELIWXSMUT6lh7v3G2NlTC5Hlo1xJzpn1,Ichimoku Buy & Sell Signals,ozzy_livin,1558,True,https://www.tradingview.com/script/5rHDkChD-Ichimoku-Buy-Sell-Signals/,buy sell signal
PUB;9d6d73f6460340f8bba8659571e69c24,Volume Whale Zones [ChartPrime],ChartPrime,1557,True,https://www.tradingview.com/script/ldmdnX5K-Volume-Whale-Zones-ChartPrime/,whale
PUB;8466e0390dd04033a4c6bfcd5524d137,Smarter Money Concepts - FVGs [PhenLabs],PhenLabs,1554,True,https://www.tradingview.com/script/97tHlWtp-Smarter-Money-Concepts-FVGs-PhenLabs/,smart money
PUB;86e0c6d2c7ed45edbbcb32dd2c3ea7f8,Trident Swing Projector [MarkitTick],MarkitTick,1554,True,https://www.tradingview.com/script/VwFBVQ65-Trident-Swing-Projector-MarkitTick/,swing
PUB;veZzqveebAoJHrHbMjyQj6K0sncW7plR,Supertrend Screener Panel,zzzcrypto123,1551,True,https://www.tradingview.com/script/La1XGzDj-Supertrend-Screener-Panel/,supertrend
PUB;8e2013a1f22b4840a5a582e6341f288d,Tomb Reversal Signal  Engulfing + RSI Momentum Detector,tommybeaulieu7b,1549,True,https://www.tradingview.com/script/mIEqLyjg-Tomb-Reversal-Signal-Engulfing-RSI-Momentum-Detector/,momentum
PUB;wMXd4rrIYgh9btHMBBBfm4nnGYg1tjsa,Trend Indicator B-V2 (Momentum measuring),DZIV,1544,True,https://www.tradingview.com/script/acmdQs2A-Trend-Indicator-B-V2-Momentum-measuring/,momentum
PUB;pfvNKBbJFGbdxRxn8LscgP5tZaSoZs99,Hull Moving Average Swing Trader (Alerts),SeaSide420,1534,True,https://www.tradingview.com/script/FXY4e4KU-Hull-Moving-Average-Swing-Trader-Alerts/,swing
PUB;3835692e8e814b3f8d0d7202e5824f77,Bullish/Bearish Reversal Bars Indicator [Skyrexio],Skyrexio,1529,True,https://www.tradingview.com/script/AQcWYxYa-Bullish-Bearish-Reversal-Bars-Indicator-Skyrexio/,reversal
PUB;13de25356de047c8aa56d2386b4811de,MK_OSFT-Momentum Confluence Detector,MK_OSF_TRADING,1528,True,https://www.tradingview.com/script/7uZg3MBo-MK-OSFT-Momentum-Confluence-Detector/,momentum
PUB;bc3a96efce9e45f9a105f41d8b930cc6,Combo Backtest 123 Reversal & Smart Money Index (SMI),HPotter,1526,True,https://www.tradingview.com/script/NudssmJx-Combo-Backtest-123-Reversal-Smart-Money-Index-SMI/,reversal
PUB;1eabbd173c094cefb7439f8a561b9a7c,Elliott Wave Oscillator + TTM Squeeze,FractalTrade_,1523,True,https://www.tradingview.com/script/2T3Arl1U-Elliott-Wave-Oscillator-TTM-Squeeze/,squeeze
PUB;veQ6v8fkPMLHPEkTCClXfiLjxlCQe2va,Squeeze Momentum Indicator [LazyBear] with OBV,s0ar,1521,True,https://www.tradingview.com/script/cxOpM5ox-Squeeze-Momentum-Indicator-LazyBear-with-OBV/,squeeze
PUB;9e02033dc8cf464f80a872a3c34578ad,SuperTrend+ Duo,Electrified,1517,True,https://www.tradingview.com/script/1v8MVmpf-SuperTrend-Duo/,supertrend
PUB;c96f20c1323645849319d7e4667e1040,Supertrend Targets [ChartPrime],ChartPrime,1517,True,https://www.tradingview.com/script/SqWrqra4-Supertrend-Targets-ChartPrime/,supertrend
PUB;082e5aa147654b0782c14cff0f3cb4fa,[Sniper] SuperTrend + SSL Hybrid + QQE MOD,DuDu95,1508,True,https://www.tradingview.com/script/6w9Jchj6-Sniper-SuperTrend-SSL-Hybrid-QQE-MOD/,supertrend
PUB;c4d6ec04e68f46f880246cb7f2d0b80e,JS-TechTrading: VWAP Momentum_Pullback Strategy,JS_TechTrading,1503,True,https://www.tradingview.com/script/uhdaobby-JS-TechTrading-VWAP-Momentum-Pullback-Strategy/,momentum
PUB;28a73f8afa4742ec92449d93a11518d4,MACD + CMF + EMA + Supertrend by TradeSmart,TradeSmart22,1497,False,https://www.tradingview.com/script/hh8WbEY7-MACD-CMF-EMA-Supertrend-by-TradeSmart/,supertrend
PUB;16498abd7f324f52a28237115d4a4bd7,Hma Swing Points | viResearch,viResearch,1492,True,https://www.tradingview.com/script/5uXm51B0-Hma-Swing-Points-viResearch/,swing
PUB;21ec68ff9594479d88ae002d8dac3d8f,Swing High Low Detector by RV5,R_V5,1490,True,https://www.tradingview.com/script/ISEmCiIc-Swing-High-Low-Detector-by-RV5/,swing
PUB;HKbIpRcPr6MTS2MonHonH8BPgWCdiWVz,ST Squeeze Pro,SimplerTrading,1489,False,https://www.tradingview.com/script/qbnKgH9H-ST-Squeeze-Pro/,squeeze
PUB;gF4SBSmmlH5z5jlKqmefd4IOkH0c3n8j,MA MTF Momentum Histogram,dman103,1486,True,https://www.tradingview.com/script/sA4AQKwz-MA-MTF-Momentum-Histogram/,momentum
PUB;3OjUGjQD7iL71KcgHXxpdlJeNo0y3kKe,SuperTrend V.1 Alert,DieciTrader,1486,True,https://www.tradingview.com/script/wNbSphec-SuperTrend-V-1-Alert/,supertrend
PUB;191d9d5a23ae4dbeaf7669af23105a6f,VIX Reversal Scalper by Trend Friend - Stocks Only,FriendOfTheTrend,1482,True,https://www.tradingview.com/script/DoycHlDD-VIX-Reversal-Scalper-by-Trend-Friend-Stocks-Only/,reversal
PUB;y4hDqNjEvVCcEorLcog6oq52PBXr1Yta,Fractals | Swing Points | Highs & Lows | Custom Periods,DonkeyEmporium,1477,True,https://www.tradingview.com/script/F2vLpcxJ-Fractals-Swing-Points-Highs-Lows-Custom-Periods/,swing
PUB;77217d057dcf44b5ba82381475bb45df,Artemis Squeeze Momentum,a_jabbaroff,1476,True,https://www.tradingview.com/script/f1frgIl2-Artemis-Squeeze-Momentum/,squeeze
PUB;7c75be9d910a412f8855645b59fc1d73,Liquidity + Order-Flow Exhaustion (Smart-Money Logic),tkarolak,1475,True,https://www.tradingview.com/script/OJ5ICMC9-Liquidity-Order-Flow-Exhaustion-Smart-Money-Logic/,smart money
PUB;273d72841071413581cd290879430ffb,DJ Soori Trading Strategy,DJSoori,1473,True,https://www.tradingview.com/script/XwR54yEU-DJ-Soori-Trading-Strategy/,reversal
PUB;b1d01deb99ef44a483aa25198d9d3a1b,AI Big Players Move Pattern with Buy/Sell Signals.,wrbstocks,1472,False,https://www.tradingview.com/script/wNGXzrqb-AI-Big-Players-Move-Pattern-with-Buy-Sell-Signals/,buy sell signal
PUB;WTyIN3ZwYKNSQznKskQdd7eqmsOZgNGO,BEST Supertrend Strategy,Daveatt,1471,True,https://www.tradingview.com/script/6knHPR6c-BEST-Supertrend-Strategy/,supertrend
PUB;ctElU3g1YHSIpUi8c6BDhZETegKChzRf,Momentum [Dynamic & Flow] (Expo),Zeiierman,1469,False,https://www.tradingview.com/script/qCcCeE5p-Momentum-Dynamic-Flow-Expo/,momentum
PUB;9900b8abf2b34e45b54e91ad7d8357aa,Momentum Breakout Pro (Zeiierman),Zeiierman,1469,False,https://www.tradingview.com/script/nUNYvEDn-Momentum-Breakout-Pro-Zeiierman/,momentum
PUB;pM5TZzExPiDwy8iU36DJJ9LH9HJX9gRa,Swing High/Low,millerrh,1464,True,https://www.tradingview.com/script/5WGjKrEx-Swing-High-Low/,swing
PUB;385c0c996032468393576e80e44e493c,"Smart Money Concepts Pro – OB, FVG, Liquidity + Trade Setups",Kammi07,1461,True,https://www.tradingview.com/script/bYblTTqo-Smart-Money-Concepts-Pro-OB-FVG-Liquidity-Trade-Setups/,smart money
PUB;JX1JquxXeZ7gXGPLBntmykfeuLxVP2z4,TTM Squeeze Scanner,chchodler,1447,True,https://www.tradingview.com/script/nqCqMfrO-TTM-Squeeze-Scanner/,squeeze
PUB;5a38c898d3f6486da4bad087b93d7047,3 Drive Harmonic Pattern [TradingFinder] Three Drive Reversal,TradingFinder,1442,True,https://www.tradingview.com/script/GNjE1rV0-3-Drive-Harmonic-Pattern-TradingFinder-Three-Drive-Reversal/,reversal
PUB;0M2DN8SGHpLLgdioEHnm1S03vtObQ56d,Swing Points,bharatTrader,1442,True,https://www.tradingview.com/script/GBU3j5iW-Swing-Points/,swing
PUB;3epuH00Utn50kVleDdcD6RCO6LBgNroL,ICHI + EMA / MA + Swing + P SAR + BB ,Djawe,1440,True,https://www.tradingview.com/script/kE8qUN01-ICHI-EMA-MA-Swing-P-SAR-BB/,swing
PUB;c4cef8550e5b4f83957f35e83421681f,Uptrick: Liquid Reversal Bands,Uptrick,1437,True,https://www.tradingview.com/script/NkOJyPWb-Uptrick-Liquid-Reversal-Bands/,reversal
PUB;64b32d876b47441ab7eec8cc0cbfcb95,Gann Reversal Confluence,PyraTime,1435,True,https://www.tradingview.com/script/Q18RGwxV-Gann-Reversal-Confluence/,reversal
PUB;4elRAKaBGNhtfxivtUlIkMAOAchBRixW,SuperTrend Backtester,DevLucem,1428,True,https://www.tradingview.com/script/GMZLB374-SuperTrend-Backtester/,supertrend
PUB;trCviBKkLae0GzTmtBMJayBrgej3kydc,[blackcat] L1 Trend Follower with Whale Pump Detection,blackcat1402,1427,True,https://www.tradingview.com/script/CChH8AyI-blackcat-L1-Trend-Follower-with-Whale-Pump-Detection/,whale
PUB;beef61429088413cb48304f8b409f4b0,Strategy: HMA 50 + Supertrend Sniper,Gustav_Rex,1423,True,https://www.tradingview.com/script/3SHJZytF-Strategy-HMA-50-Supertrend-Sniper/,supertrend
PUB;83415049f70e42ca8a7e9accdcf69d9c,KNN Machine Learning Momentum Indicator,SatohK,1417,True,https://www.tradingview.com/script/s4BcZ5JI-KNN-Machine-Learning-Momentum-Indicator/,momentum
PUB;ff5b63397db14941a0a357a0db214390,Triple EMA + QQE Trend Following Strategy [TradeDots],tradedots,1417,True,https://www.tradingview.com/script/M4y5HT3h-Triple-EMA-QQE-Trend-Following-Strategy-TradeDots/,trend following
PUB;8aab406281d542c8a02ac71329e1bd36,Nen Star Harmonic Pattern [TradingFinder] NenStar Reversal Auto,TradingFinder,1405,True,https://www.tradingview.com/script/u5vmHqnP-Nen-Star-Harmonic-Pattern-TradingFinder-NenStar-Reversal-Auto/,reversal
PUB;noxM76ZGTWbzlyZzv1OG0BFeyTdZeZVv,Multi Supertrend with no-repaint and HTF option,ramki_simple,1405,True,https://www.tradingview.com/script/7wmuYir9-Multi-Supertrend-with-no-repaint-and-HTF-option/,supertrend
PUB;86587ccfc6804b84992386669c5d56e1,Geometric Macro Reversal Map,erdensedat,1403,True,https://www.tradingview.com/script/YvXU8UAp-Geometric-Macro-Reversal-Map/,reversal
PUB;1e81f693c012455087d8f264614b6f35,Bitcoin Momentum Strategy,ZenAndTheArtOfTrading,1402,True,https://www.tradingview.com/script/Tce7SnL7-Bitcoin-Momentum-Strategy/,momentum
PUB;1a24ec2a3743476088d805397a635112,Gann-Fibonacci Swing Toolkit [BigBeluga],BigBeluga,1397,True,https://www.tradingview.com/script/eSSw7HmH-Gann-Fibonacci-Swing-Toolkit-BigBeluga/,swing
PUB;e8f82494c06c4b76be70e547c3b5d8ae,KillZones + ACD Fisher [TradingFinder] Sessions + Reversal Level,TradingFinder,1382,True,https://www.tradingview.com/script/GTH9z12H-KillZones-ACD-Fisher-TradingFinder-Sessions-Reversal-Level/,reversal
PUB;b144dd65a6ba42fa9aaaf83da80e2a25,Momentum Candle Sekolah Trading,sekolah_trading,1373,True,https://www.tradingview.com/script/XhhRHQnj-Momentum-Candle-Sekolah-Trading/,momentum
PUB;db4bbb89d19c4624b808d532310dd69f,1-2-3 Reversal Map [AGPro Series],AGProLabs,1371,True,https://www.tradingview.com/script/W9OHw6fk-1-2-3-Reversal-Map-AGPro-Series/,reversal
PUB;pTzBBNPjBDRYC49JZqBtUghvoD1ARQzJ,Cuban's Range Reversal Overlay,cubantobacco,1367,False,https://www.tradingview.com/script/SksEZmuW-Cuban-s-Range-Reversal-Overlay/,reversal
PUB;5ca5e4e120734acd805e070011c59a46,Uptrick: Adaptive Momentum Bands,Uptrick,1365,True,https://www.tradingview.com/script/fj98QZe8-Uptrick-Adaptive-Momentum-Bands/,momentum
PUB;118,FREE INDICATOR: Relative Momentum Index (RMI),TheLark,1362,True,https://www.tradingview.com/script/UCm7fIvk-FREE-INDICATOR-Relative-Momentum-Index-RMI/,momentum
PUB;9e12e106ac0e43d18341e43282d0abab,LuxAlgo - Smart Money Concepts [Updated by J Lubin 5/2026],Jlubin782,1361,True,https://www.tradingview.com/script/WVf1sjBU-LuxAlgo-Smart-Money-Concepts-Updated-by-J-Lubin-5-2026/,smart money
PUB;2768,Absolute Momentum Indicator ,Algokid,1359,True,https://www.tradingview.com/script/hIQUBPZX-Absolute-Momentum-Indicator/,momentum
PUB;e7b6fc7ce2b848c48a96bc4c318a8ded,Combo Backtest 123 Reversal & Statistical Volatility,HPotter,1359,True,https://www.tradingview.com/script/3w6l57bw-Combo-Backtest-123-Reversal-Statistical-Volatility/,reversal
PUB;1e9e6a44eac64eef840bf489b03645e2,Smart Money Concept,Kaniugu,1358,True,https://www.tradingview.com/script/ZStYffLj-Smart-Money-Concept/,smart money
PUB;f90f47ba1bf246889d4d579043503edb,[ A L P H A X ] Reversal - RSI Divergence + WPR Timing Engine,AlphaX-Trade,1357,True,https://www.tradingview.com/script/OeuOji35-A-L-P-H-A-X-Reversal-RSI-Divergence-WPR-Timing-Engine/,reversal
PUB;68726dd616694ba89f2a62f91edbf3e5,"Variety-Filtered, Squeeze Moving Averages [Loxx]",loxx,1356,True,https://www.tradingview.com/script/t0xt2nWn-Variety-Filtered-Squeeze-Moving-Averages-Loxx/,squeeze
PUB;6729d39ec87942088b5dd121683c88e5,Combined Moving Averages + Squeeze & Volume Spike Signals,FriendOfTheTrend,1352,True,https://www.tradingview.com/script/p4slw9Ze-Combined-Moving-Averages-Squeeze-Volume-Spike-Signals/,squeeze
PUB;1963,Squeeze Momentum Alert Script,CryptoRox,1350,True,https://www.tradingview.com/script/NK53s9Iw-Squeeze-Momentum-Alert-Script/,squeeze
PUB;RLgVkANyLOSDkJKdKSLfpkb23vAQJxJS,CT Reverse Stochastic Momentum Index,The_Caretaker,1346,True,https://www.tradingview.com/script/6jRxaPOd-CT-Reverse-Stochastic-Momentum-Index/,momentum
PUB;bc7a9da4416b4efcaeffc4c737cd01a9,SWING for GOLD / BITCOIN ,AstroHub,1343,True,https://www.tradingview.com/script/6mBUdCTz-SWING-for-GOLD-BITCOIN/,swing
PUB;24643dfa7c074b9ca71361e78e38b06b,Swing Failure Pattern SFP [TradingFinder] SFP ICT Strategy,TradingFinder,1340,True,https://www.tradingview.com/script/P9sg0Sw3-Swing-Failure-Pattern-SFP-TradingFinder-SFP-ICT-Strategy/,swing
PUB;b91cfce7f08647acb4b4028c0e391941,[ A L P H A X ] Swing Architect Predictive Swing Mapping ,AlphaX-Trade,1339,True,https://www.tradingview.com/script/cxTiOA9V-A-L-P-H-A-X-Swing-Architect-Predictive-Swing-Mapping/,swing
PUB;hu8O6u9eWuvb1SLabKBVECdYIOsQbqtp,SMMA Analyses - Buy / Sell signals and close position signals ,quirimmo,1338,True,https://www.tradingview.com/script/RN2W9h74-SMMA-Analyses-Buy-Sell-signals-and-close-position-signals/,buy sell signal
PUB;c258fc8ea7a948c391dc0282276aa81b,Judas Swing ICT 01 [TradingFinder] New York Midnight Opening M15,TradingFinder,1337,True,https://www.tradingview.com/script/TYoIs4Q3-Judas-Swing-ICT-01-TradingFinder-New-York-Midnight-Opening-M15/,swing
PUB;4e053c2e9e42489e94cfb6afc0355998,AlphaTrend Momentum Matrix [MarkitTick],MarkitTick,1336,True,https://www.tradingview.com/script/P8Gu6Gke-AlphaTrend-Momentum-Matrix-MarkitTick/,momentum
PUB;faae7102336a43f68e7a79bbb0948e37,Liquidity Zones - Swing Highs & Lows,santicar96,1332,True,https://www.tradingview.com/script/2XEqUhv9-Liquidity-Zones-Swing-Highs-Lows/,swing
PUB;130737871a154de498326001eb7a5d82,DDDDD: Liquidity Trap Reversal,EdgeDecode,1331,True,https://www.tradingview.com/script/mtvx3Kfr-DDDDD-Liquidity-Trap-Reversal/,reversal
PUB;3d580287bb5542bb84e594bbd8279d8b,Dark Cloud [TradingFinder] Piercing Line  Reversal chart Pattern,TradingFinder,1330,True,https://www.tradingview.com/script/1Rarkioh-Dark-Cloud-TradingFinder-Piercing-Line-Reversal-chart-Pattern/,reversal
PUB;Nmf5KkZkrNIi8zf5hRP1ebjrMwT2yQnX,Kozlod - Pivot Reversal Strategy Alerts V2,QuantNomad,1328,True,https://www.tradingview.com/script/yv6iSTgG-Kozlod-Pivot-Reversal-Strategy-Alerts-V2/,reversal
PUB;4a1f75b8d4584640b4adf197b3d8bef5,Multi-Timeframe TTM Squeeze Pro,Beardy_Fred,1327,True,https://www.tradingview.com/script/7VXF3amy-Multi-Timeframe-TTM-Squeeze-Pro/,squeeze
PUB;87b1e984704d44c28c2d9bb60c8f981f,Impulse Waves & Reversal Zones [MQLSoftware],MQLSoftware,1327,True,https://www.tradingview.com/script/dBagpRyd-Impulse-Waves-Reversal-Zones-MQLSoftware/,reversal
PUB;71c1c61cefd64303b5ddfcae5f793788,Dynamic Extreme Channels & Reversals [LuxAlgo],LuxAlgo,1327,True,https://www.tradingview.com/script/161qms7J-Dynamic-Extreme-Channels-Reversals-LuxAlgo/,reversal
PUB;15f47517186041629e4241759550df05,Modified QQE-ZigZag [Non Repaint During Candle Building],Hutmacher42,1322,True,https://www.tradingview.com/script/fJVMc2eU-Modified-QQE-ZigZag-Non-Repaint-During-Candle-Building/,momentum
PUB;a167a4f363c349668f5ee739751679ba,QuantEdge Momentum ML [PRO],a_jabbaroff,1321,True,https://www.tradingview.com/script/vJPEAyKB-QuantEdge-Momentum-ML-PRO/,momentum
PUB;3f359159ace340e8b2fe04dfcfaa0e73,Adaptive Momentum Velocity Ribbon,ChartPrime,1319,True,https://www.tradingview.com/script/x3HqXTuL-Adaptive-Momentum-Velocity-Ribbon/,momentum
PUB;f1bca895c97947898c458ac0952704ce,Reversal Probability Rows [LuxAlgo],LuxAlgo,1315,True,https://www.tradingview.com/script/fYxZn4Gr-Reversal-Probability-Rows-LuxAlgo/,reversal
PUB;LN33AOlxbmgWrC9EHmgvd1BdJ89ZkKaM,Entry/Exit - Swing Highs & Lows,TradeChartist,1313,False,https://www.tradingview.com/script/Fmloxkge-Entry-Exit-Swing-Highs-Lows/,swing
PUB;55dbf0bec077497c829ea2bc597442eb,Volume Momentum Breakout + TP/SL,Uncle_the_shooter,1307,True,https://www.tradingview.com/script/hNqs0Z2D-Volume-Momentum-Breakout-TP-SL/,momentum
PUB;ADwddfAJSCnz5gfnpN93ZPuQ7zVRINqX,[RS]ZigZag Percent Reversal - Helper - Draw Patterns - Part 3,RicardoSantos,1307,True,https://www.tradingview.com/script/Rmvb2lWk-RS-ZigZag-Percent-Reversal-Helper-Draw-Patterns-Part-3/,reversal
PUB;d50a8db5837a48e9b41dab1783a67e81,CandelaCharts - Value Area Reversals,CandelaCharts,1300,True,https://www.tradingview.com/script/korzg0xR-CandelaCharts-Value-Area-Reversals/,reversal
PUB;bfe3e9a48c2c4c1382891d1e4208e667,Swing Dream - PAINT BARS | MA | EMA | DMA | VWAP | TABLE | ADR %,TechFille006,1300,True,https://www.tradingview.com/script/VtlUtLJE-Swing-Dream-PAINT-BARS-MA-EMA-DMA-VWAP-TABLE-ADR/,swing
PUB;846,UCS_Squeeze_Optimization,UDAY_C_Santhakumar,1292,True,https://www.tradingview.com/script/0JQPULIU-UCS-Squeeze-Optimization/,momentum
PUB;6159abe687a745e18b480fa00ded9bb1,XG Boost Lite: Reversals | GainzAlgo,GainzAlgo,1290,True,https://www.tradingview.com/script/FIV11Q52-XG-Boost-Lite-Reversals-GainzAlgo/,reversal
PUB;m6InY4NdX1VcYXFctrj7xSJcGIczPcHJ,Bitcoin Ninjas 'Ninja Signals' Buy & Sell Alert Trading Script,Bitcoin_Ninjas,1288,False,https://www.tradingview.com/script/DFwhrkE2-Bitcoin-Ninjas-Ninja-Signals-Buy-Sell-Alert-Trading-Script/,buy sell signal
PUB;OqwgM8gOxfRw1b0IIxsHwI6p2hsoAZs8,Price Action Trend Reversal Prediction V1,jasondhadley,1285,False,https://www.tradingview.com/script/iZzTzN2K-Price-Action-Trend-Reversal-Prediction-V1/,reversal
PUB;udMIyOEi5wJfb0KOQl3RhGGLTpKPaoVw,Buy Signal and Entry points (alpha),Vladimir_Ch,1285,False,https://www.tradingview.com/script/Lt5elraF-Buy-Signal-and-Entry-points-alpha/,buy sell signal
PUB;0f882825f8ef40609902a4b8fe12ebef,Motion Reversal System [BullByte],BullByte,1278,True,https://www.tradingview.com/script/ZpH5K46a-Motion-Reversal-System-BullByte/,reversal
PUB;bf381010e93546d19d1325a237cce08c,Swing Points & FVG,Vulnerable_human_x,1278,True,https://www.tradingview.com/script/uezbpmCc-Swing-Points-FVG/,swing
PUB;73fd7048f933404f8c0f6381c92268c8,Smart Money Flow Oscillator [MarkitTick],MarkitTick,1274,True,https://www.tradingview.com/script/nRYrSLlN-Smart-Money-Flow-Oscillator-MarkitTick/,smart money
PUB;c9b4bc8ee0b944ba96ae5ccb9cd7ec1b,Smart Money Footprint & Cost Basis Engine [AlgoPoint],Iamalala,1269,True,https://www.tradingview.com/script/fsvWiyra-Smart-Money-Footprint-Cost-Basis-Engine-AlgoPoint/,smart money
PUB;1708d91a23d84efb8597cd2adf692c84,RSI Momentum Trend Screener,TZack88,1267,True,https://www.tradingview.com/script/6jMbFxa8-RSI-Momentum-Trend-Screener/,momentum
PUB;0d4cd01ba0e2468d9cd58cf4d3041f53,MTM - Momentum Indicator,Hampeh,1267,True,https://www.tradingview.com/script/vv3r5BKm-MTM-Momentum-Indicator/,momentum
PUB;c149f82984b94f7cbd9e16146cc31034,Chande Momentum Oscillator (CMO) Buy Sell Strategy [TradeDots],tradedots,1264,True,https://www.tradingview.com/script/MNBZqC72-Chande-Momentum-Oscillator-CMO-Buy-Sell-Strategy-TradeDots/,momentum
PUB;03e1188e17ff46da9cdc3af29b9a5276,Ultimate ABC Indicator by @DaviddTech,daviddtech,1264,False,https://www.tradingview.com/script/i4eqHvmS-Ultimate-ABC-Indicator-by-DaviddTech/,reversal
PUB;cd257e1fb728486a850cce098d42ca4b,Ichimoku Buy/Sell Signals of manual MTF Tenkan crossing Kijun,kjb_1234,1257,True,https://www.tradingview.com/script/RHu8r2TQ-Ichimoku-Buy-Sell-Signals-of-manual-MTF-Tenkan-crossing-Kijun/,buy sell signal
PUB;A3BY27sN7awui605Ys6pDLHKqgJnNEbe,Squeeze - Expansion Indicator - JD,Duyck,1248,True,https://www.tradingview.com/script/Xg9kYyi2-Squeeze-Expansion-Indicator-JD/,squeeze
PUB;1c949c85374b4758a949221062aa3913,Price Swing Detection - Smart Money Concept,MirNader_,1244,True,https://www.tradingview.com/script/GtWKHvJB-Price-Swing-Detection-Smart-Money-Concept/,smart money
PUB;Lhv2HjxhC4ErUwki40MXSoVZma6nMNaR,Reversal Patterns Collection:Invertad Hammer and Shooting Star,OlgaObara,1243,False,https://www.tradingview.com/script/pHu0neCV-Reversal-Patterns-Collection-Invertad-Hammer-and-Shooting-Star/,reversal
PUB;0T5Vf4Lk6dt4xi1G0iwovv5N4WqxYHhr,Strategy Smart Forex Buy Sell Signal by Lukas,lukascg94,1234,False,https://www.tradingview.com/script/v8y3xk6p-Strategy-Smart-Forex-Buy-Sell-Signal-by-Lukas/,buy sell signal
PUB;uD0q37gHP8UrKNBbmD49T1RSf0nr6IUn,Money Maker [Buy/Sell Signals] | Easy To Use,jzucchetto,1222,False,https://www.tradingview.com/script/u22At0Ds-Money-Maker-Buy-Sell-Signals-Easy-To-Use/,buy sell signal
PUB;a43874c1f4ca43e394a2a7f6c50ae164,DRM Strategy,QuantNomad,1216,True,https://www.tradingview.com/script/08eSyDlq-DRM-Strategy/,momentum
PUB;ayMtkt92P7cUMRZDZvdxjaRxHGENCJNK,ASX Buy/Sell Arrow Signals For Australian Equities Trading,atmospherestockstrade,1212,False,https://www.tradingview.com/script/cIUwUmbF-ASX-Buy-Sell-Arrow-Signals-For-Australian-Equities-Trading/,buy sell signal
PUB;81445a6be674433db9a187c11e7c6c19,Kinetic Momentum Vectors [BigBeluga],BigBeluga,1211,True,https://www.tradingview.com/script/DBgT7UX4-Kinetic-Momentum-Vectors-BigBeluga/,momentum
PUB;553791fe9c2447e6a08fea8de43f6f7e,Custom Buy and Sell Signal with Body Ratio and RSI,am-solaris,1211,True,https://www.tradingview.com/script/XDONzzoZ-Custom-Buy-and-Sell-Signal-with-Body-Ratio-and-RSI/,buy sell signal
PUB;6cc9be2a20c441bfab9d98d3ee2d894a,Multi MA Trend Following Strategy Template,TradeAutomation,1208,True,https://www.tradingview.com/script/tzykpyCd-Multi-MA-Trend-Following-Strategy-Template/,trend following
PUB;e75617c11fd7484481390a9182db0b32,Krypton Fear & Greed,csfous,1190,True,https://www.tradingview.com/script/vt6oAXil-Krypton-Fear-Greed/,momentum
PUB;ba765c86499f4789894e529a3bc72abe,Smart Money Liquidation Hunter [No Repaint] - PhenLabs,PhenLabs,1189,True,https://www.tradingview.com/script/bueMJJhA-Smart-Money-Liquidation-Hunter-No-Repaint-PhenLabs/,smart money
PUB;f33ce92bef5f456aa1813a0abdbc80cd,Curious Buy - Sell Indicator - Institutional Zones (Smart Money),curioustraderr,1187,True,https://www.tradingview.com/script/besfpz4K-Curious-Buy-Sell-Indicator-Institutional-Zones-Smart-Money/,smart money
PUB;f12092ba8ce9404e80551419fabcca1b,EURUSD INTRADAY BUY/SELL TRADING SIGNALS INDICATOR,atmospherestockstrade,1184,False,https://www.tradingview.com/script/UVZmCwp4-EURUSD-INTRADAY-BUY-SELL-TRADING-SIGNALS-INDICATOR/,buy sell signal
PUB;rbAT6mzFHP2SpxFj1ZVvCBAHvtVwDqau,Squeeze MTF Heatmap,03.freeman,1183,True,https://www.tradingview.com/script/aWQz7lh5-Squeeze-MTF-Heatmap/,squeeze
PUB;b4843d76edf94d68a42d81b95a9ebec8,RSI Overbought Oversold Divergence Strategy w/ Buy/Sell Signals,imal_max,1176,True,https://www.tradingview.com/script/d92hvFQx-RSI-Overbought-Oversold-Divergence-Strategy-w-Buy-Sell-Signals/,buy sell signal
PUB;1e12e37fabf94b1ea466d7c5c934456b,XAUUSD & BTCUSD Buy/Sell Signals (80% Accuracy),bhagyeshjoshi020,1176,True,https://www.tradingview.com/script/atIHKg5V-XAUUSD-BTCUSD-Buy-Sell-Signals-80-Accuracy/,buy sell signal
PUB;eqBWMNj1CkVDg1U9TJeSiffDWp1YO39m,Bollinger Bands Squeeze,AlexeyFirsov,1175,True,https://www.tradingview.com/script/QW4daVnx-Bollinger-Bands-Squeeze/,squeeze
PUB;8ead113627ff415b8e1b52d26f206635,Frequency Momentum Oscillator [QuantAlgo],QuantAlgo,1167,True,https://www.tradingview.com/script/ciGgoWUr-Frequency-Momentum-Oscillator-QuantAlgo/,momentum
PUB;66bb8d05c7124d3d8482fbdbb06935e0,BUY/SELL SIGNALS from LSMA/ALMA/HMA,Jaerevan47,1161,True,https://www.tradingview.com/script/tXY8GWyb-BUY-SELL-SIGNALS-from-LSMA-ALMA-HMA/,buy sell signal
PUB;3a8b6f85cd564e318aef6bd4505e07cb,Smart Money Concepts [Modern Neon V2],GoldCurry,1160,True,https://www.tradingview.com/script/Cjk9hF0I-Smart-Money-Concepts-Modern-Neon-V2/,smart money
PUB;d017f7ca5f5b4cb99f603ddb1ef45a43,Smart Money Trap Scanner [TradingFinder],TradingFinder,1157,False,https://www.tradingview.com/script/ysMmQYLW-Smart-Money-Trap-Scanner-TradingFinder/,smart money
PUB;b7fa890cc749487eb35952e8b9677792,Nonparametric Relative Momentum [BackQuant],BackQuant,1149,True,https://www.tradingview.com/script/1kFbMhN2-Nonparametric-Relative-Momentum-BackQuant/,momentum
PUB;SyF3USsShMQe1EfiAR39H9A0zhmVrTdy,🐳 Whales 🆚 Little Fish 🐟,Dreadblitz,1148,True,https://www.tradingview.com/script/7YZ1MZo8-Whales-Little-Fish/,whale
PUB;EI1dK0n0ThyOgXu1OseB0u01QAvPJhhB,Squeeze PRO Arrows [Makit0],makit0,1147,True,https://www.tradingview.com/script/r9IzXVej-Squeeze-PRO-Arrows-Makit0/,squeeze
PUB;b63addcea30c4d9d88c815452c08046b,Supreme BUY/SELL Signal Indicator By Chaitu50c,chaitu50c,1143,True,https://www.tradingview.com/script/Y2VHeRn3-Supreme-BUY-SELL-Signal-Indicator-By-Chaitu50c/,buy sell signal
PUB;499011ec2caa445fa80200399e1f0ab6,Cointegration Buy and Sell Signals [EdgeTerminal],EdgeTerminal,1134,True,https://www.tradingview.com/script/2caZ3NSA-Cointegration-Buy-and-Sell-Signals-EdgeTerminal/,buy sell signal
PUB;5be5772a137945e8be54493233544e6e,Smart Money: Auto Order Blocks [identityKa],IdentityKa,1131,True,https://www.tradingview.com/script/6b5LUNpP-Smart-Money-Auto-Order-Blocks-identityKa/,smart money
PUB;24450c6b1ff4426fac93d6d424ca3637,Momentum Consensus Heatmap [StrixEDGE],StrixEDGE,1123,True,https://www.tradingview.com/script/16hivYxw-Momentum-Consensus-Heatmap-StrixEDGE/,momentum
PUB;cf68f043cdf845b6b385c0bc85a10dda,Momentum Marks - Buy and Sell Indicators,alexh1166,1117,True,https://www.tradingview.com/script/SYXl1JJk-Momentum-Marks-Buy-and-Sell-Indicators/,momentum
PUB;73e47727f4d94f23bfd549fa8b56f834,Tradveller Momentum,AnsonTan_TheTradveller,1115,False,https://www.tradingview.com/script/sEIsqAED-Tradveller-Momentum/,momentum
PUB;444550b8474d4fed8daa7f08538d15bf,Smart Money Concepts Pro [RFX],neerurani1307,1108,False,https://www.tradingview.com/script/L75ztlsk-Smart-Money-Concepts-Pro-RFX/,smart money
PUB;d5b51357a0a649809135204e09b4de89,EMA + Supertrend with BUY a SELL signals by @zeusbottrading,zeusbottrading,1106,True,https://www.tradingview.com/script/EFmtnyvC-EMA-Supertrend-with-BUY-a-SELL-signals-by-zeusbottrading/,buy sell signal
PUB;82,Dynamic Momentum Index (DMI) ,HPotter,1084,True,https://www.tradingview.com/script/btOBn5Hw-Dynamic-Momentum-Index-DMI/,momentum
PUB;a0WZ9ETDwMxvbMjfhDOOjJmF0DGcaWM6,UCS Squeeze Momentum Overlay with Alerts,scarf,1083,True,https://www.tradingview.com/script/IET8eR0K-UCS-Squeeze-Momentum-Overlay-with-Alerts/,squeeze
PUB;538be297250f47cf8976454ec7d5892f,Super momentum DBSI,TradBee,1082,True,https://www.tradingview.com/script/GoDxwG8z-Super-momentum-DBSI/,momentum
PUB;nw8TJYHJyBsPlQDcrEwHD9WqaYAABEQF,Turtle and Tripple EMA Indicators,kgiap123,1076,False,https://www.tradingview.com/script/nVhHn2E6-Turtle-and-Tripple-EMA-Indicators/,buy sell signal
PUB;KsFnIXui5HZYSka9k5HU0IBI2f9bYDRh,Relative Momentum Index,everget,1071,True,https://www.tradingview.com/script/kwIt9OgQ-Relative-Momentum-Index/,momentum
PUB;dd8de7d2ab44476a898daf0c9b0f76d9,Smart Money Concepts (SMC),SpecialCodes,1071,False,https://www.tradingview.com/script/7vfywWGl-Smart-Money-Concepts-SMC/,smart money
PUB;QUbjTl1tWrCuW5ngK8pNB8CSZGZFEKID,Bitcoin Ninjas 'Ninja Signals' Buy & Sell Alert Trading Strategy,Bitcoin_Ninjas,1070,False,https://www.tradingview.com/script/FWuJDNhF-Bitcoin-Ninjas-Ninja-Signals-Buy-Sell-Alert-Trading-Strategy/,buy sell signal
PUB;525b68f5fc2046c081ea84c067b33509,Wavy Tunnel + Trend ATR Buy Sell Signal by PaRn,PaRn_T,1069,True,https://www.tradingview.com/script/yjUibswE-Wavy-Tunnel-Trend-ATR-Buy-Sell-Signal-by-PaRn/,buy sell signal
PUB;a93f3e31500c4f33a89a15881ee7c6de,SM Trap Detector – Liquidity Sweeps & Institutional Reversals,friendlyRox,1061,True,https://www.tradingview.com/script/cIXisYOL-SM-Trap-Detector-Liquidity-Sweeps-Institutional-Reversals/,smart money
PUB;e098a53315fd4163ade2bbf7d8e61378,ICT Smart Money Trading Suite [SwissAlgo],SwissAlgo,1058,False,https://www.tradingview.com/script/ygABdJp8-ICT-Smart-Money-Trading-Suite-SwissAlgo/,smart money
PUB;40782aae31134176aafe659faccc4e4b,Adaptive Momentum Oscillator [BackQuant],BackQuant,1056,False,https://www.tradingview.com/script/g6H3Uy8d-Adaptive-Momentum-Oscillator-BackQuant/,momentum
PUB;e017cb8f4847471486d6d64cc2582f28,Hyper Squeeze Sniper (Dual Side: Long + Short),Gustav_Rex,1055,True,https://www.tradingview.com/script/GCPWHacv-Hyper-Squeeze-Sniper-Dual-Side-Long-Short/,squeeze
PUB;a911eb8fc37244e781d120b6429333d7,Yesterday’s High Breakout - Trend Following Strategy,TheSocialCryptoClub,1054,True,https://www.tradingview.com/script/JoYgHVFj-Yesterday-s-High-Breakout-Trend-Following-Strategy/,trend following
PUB;deEVvzSJfbxCp7n2Ag8wToX5eZayiKD0,TD/VixFix/VolatilityStop/Momentum/WeisWave Indicators,mike_btc,1052,True,https://www.tradingview.com/script/XlaUdjIi-TD-VixFix-VolatilityStop-Momentum-WeisWave-Indicators/,momentum
PUB;26dd63836ec44755b81fa03154a410d2,Momentum Oscillator (Zeiierman),Zeiierman,1037,True,https://www.tradingview.com/script/0mavnWxr-Momentum-Oscillator-Zeiierman/,momentum
PUB;58737bd8f8094382b26345cf611e1819,SQueezeVergence,barrettdenning,1033,True,https://www.tradingview.com/script/pB5pzyvj-SQueezeVergence/,squeeze
PUB;kYU9Efkfz0ymLzkh7FT2q4PzpcaDfMCv,TTM SQUEEZE with ALERT by NM,Profit_Through_Patience,1031,True,https://www.tradingview.com/script/ToB8yWve-TTM-SQUEEZE-with-ALERT-by-NM/,squeeze
PUB;29828ef6b5764084a26bfea80f6b452d,TTM Squeeze Pro Bars,Beardy_Fred,1030,True,https://www.tradingview.com/script/9oGIxnJa-TTM-Squeeze-Pro-Bars/,squeeze
PUB;d99df66f836c49f9baebe48d04c446fc,Adaptive Dynamic BB Clouds [PRO] - Auto MA & Double Squeeze,agahakanaga,1028,True,https://www.tradingview.com/script/VgYMvYtn-Adaptive-Dynamic-BB-Clouds-PRO-Auto-MA-Double-Squeeze/,squeeze
PUB;a1e94916fd7d45bebcd71dd10f5e8ef2,Purra Buy Sell Signals,ewinacademy,1023,True,https://www.tradingview.com/script/4Q5EaDd4-Purra-Buy-Sell-Signals/,buy sell signal
PUB;e55a788eeaac47289d9c2ace98a08223,Smart Money Flow Index (SMFI) - Advanced SMC [PhenLabs],PhenLabs,1021,True,https://www.tradingview.com/script/nXAOh08A-Smart-Money-Flow-Index-SMFI-Advanced-SMC-PhenLabs/,smart money
PUB;0c81282e36f24f7e9a6779797fc9dc96,Smart Money Concepts AI - Adaptive,DefinedEdge,1018,True,https://www.tradingview.com/script/bG2um2v3-Smart-Money-Concepts-AI-Adaptive/,smart money
PUB;79f243aacef642eeab8216170f4ef71e,[ A L P H A X ] Structure - Smart Money Concepts [SMC],AlphaX-Trade,1012,True,https://www.tradingview.com/script/BJDBXJk1-A-L-P-H-A-X-Structure-Smart-Money-Concepts-SMC/,smart money
PUB;MZpeqwA22Y2fPzXUxtUWeAVNhbAmUEIZ,TMO with TTM Squeeze,sskcharts,1010,True,https://www.tradingview.com/script/HibAeQPA-TMO-with-TTM-Squeeze/,squeeze
PUB;6d324799a424491c9a27a89726326ab4,Smart Money Pivot Strategy [Jason Kasei],Jasonkasei,1009,True,https://www.tradingview.com/script/IMTwV7U8-Smart-Money-Pivot-Strategy-Jason-Kasei/,smart money
PUB;cc1f60bb83cc4495b8b159b248061fc3,Crypto Squeeze Strategy,Trebor_Namor,1002,True,https://www.tradingview.com/script/I3YaZmDO-Crypto-Squeeze-Strategy/,squeeze
PUB;b1efb73a82dc4b38a81b4f22deea1d8e,"Smart Money Concepts  Order Blocks, Liquidity [LunqFX]",LunqFX,1002,True,https://www.tradingview.com/script/u2RNGKe4-Smart-Money-Concepts-Order-Blocks-Liquidity-LunqFX/,smart money
PUB;Yrlbp4gVhsqUviOTTkar4yoTdiWawqH3,Smart Money Index (SMI) Backtest,HPotter,1001,True,https://www.tradingview.com/script/YyNeevML-Smart-Money-Index-SMI-Backtest/,smart money
PUB;ed13f4ea990248c7bfedd7f9710a21f7,Smart Money Concept Strategy - Uncle Sam,UncleSamTrading,990,True,https://www.tradingview.com/script/KUeL7SY5-Smart-Money-Concept-Strategy-Uncle-Sam/,smart money
PUB;66e07d6cf5ed4091acac9d8f63fc7bc3,GK XAUUSD Diamond Sniper,GOLDKINGspecialist,982,True,https://www.tradingview.com/script/ETabdhXm-GK-XAUUSD-Diamond-Sniper/,diamond
PUB;fVOX5iGcerwuCkugB3WaZluSU0q0dtiM,MS MONEY CCI SQUEEZE,follow_the_money,980,True,https://www.tradingview.com/script/SnjJtj5q-MS-MONEY-CCI-SQUEEZE/,squeeze
PUB;2a5ec37e1acf4cc38f9f09b532b9e44c,Twin Range Filter – Buy/Sell Signals,Mr-MT369,974,True,https://www.tradingview.com/script/57i9oK2t-Twin-Range-Filter-Buy-Sell-Signals/,buy sell signal
PUB;7be806608f9640ada7a968cfda404755,Simple Buy and Sell Signals,a_guy_from_wall_street,971,True,https://www.tradingview.com/script/rBNbj6x1-Simple-Buy-and-Sell-Signals/,buy sell signal
PUB;l6GN6vEVxIZm1Fvw9437ieo5EPHxkGxJ,BitcoinNinjas Ninja Signals Buy Sell Alert Trading Strategy v2.0,Bitcoin_Ninjas,963,False,https://www.tradingview.com/script/QnAsPoef-BitcoinNinjas-Ninja-Signals-Buy-Sell-Alert-Trading-Strategy-v2-0/,buy sell signal
PUB;ea643df2fe75457aa17cc6daf9fdbcd7,ATHENS Gold ICT + Smart Money [Advanced Signals],AthensBySahan,956,False,https://www.tradingview.com/script/nSBzB7qq-ATHENS-Gold-ICT-Smart-Money-Advanced-Signals/,smart money
PUB;7e3383a832d9412ebef05c77158600f0,Smart Money Breakouts [iskess 01-02 11:05],iskess,954,True,https://www.tradingview.com/script/oy3lx1Df-Smart-Money-Breakouts-iskess-01-02-11-05/,smart money
PUB;L6XEA4zSzDR9vipQFRQJ18NJcXSwFfjE,Pfizer (PFE) Buy/Sell Arrow Signals Indicator With Strategy ,atmospherestockstrade,954,False,https://www.tradingview.com/script/FWA4ZHZf-Pfizer-PFE-Buy-Sell-Arrow-Signals-Indicator-With-Strategy/,buy sell signal
PUB;97a3d720bcf148a6b2ce4730c06c4fb4,Big Trades [Volume Anomalies] (Enhanced),alcomeho,937,True,https://www.tradingview.com/script/EsDzoxaB-Big-Trades-Volume-Anomalies-Enhanced/,whale
PUB;15c8a5343a54441d8a565fc9a83817a5,Smarter Money Concepts - OBs [PhenLabs],PhenLabs,934,True,https://www.tradingview.com/script/QYPczr8i-Smarter-Money-Concepts-OBs-PhenLabs/,smart money
PUB;37f2f84d11cd46b79e870b14c6bea56c,Volatility Contraction Score,oratnek,928,True,https://www.tradingview.com/script/5eg3OfM6-Volatility-Contraction-Score/,volatility contraction
PUB;SQNsu96ikiNbzvTW1xkWqy5ZzRuaZOqV,Bollinger Bands Width with Squeeze Alert,danarm,925,True,https://www.tradingview.com/script/iAkg36zc-Bollinger-Bands-Width-with-Squeeze-Alert/,squeeze
PUB;690cb79281e64c53af45b3a4c6e4b1f9,Smart Money Add-Ons [TFO],tradeforopp,920,False,https://www.tradingview.com/script/wx5Eoq9Y-Smart-Money-Add-Ons-TFO/,smart money
PUB;9b5fc2b76062411b999b06435256abb3,Smart Money Support/Resistance - Lite,ata_sabanci,918,True,https://www.tradingview.com/script/VSTrm5MW-Smart-Money-Support-Resistance-Lite/,smart money
PUB;QB6psNq55gqr8C6IAhhIafhHkAvRUh4g,[blackcat] L1 Whale Jumping out of the Ocean,blackcat1402,909,True,https://www.tradingview.com/script/NsQZ3Dow-blackcat-L1-Whale-Jumping-out-of-the-Ocean/,whale
PUB;c14ec15d59cc480a9b31a39c23e3891b,Squeeze & Release [AlgoAlpha],AlgoAlpha,893,True,https://www.tradingview.com/script/2rpsjnzA-Squeeze-Release-AlgoAlpha/,squeeze
PUB;X9fXfLsG3xkz5xfQcW5nua3OQXOIfVUk,Squeeze Momentum on Reversal Strategy,DeepEntropy,890,True,https://www.tradingview.com/script/Fckzv8iH-Squeeze-Momentum-on-Reversal-Strategy/,squeeze
PUB;a6ea2931343141e9bc16c6cd83f3f013,Smarter Money Concepts - Wyckoff Springs & Upthrusts [PhenLabs],PhenLabs,890,True,https://www.tradingview.com/script/Vj3nQB8Y-Smarter-Money-Concepts-Wyckoff-Springs-Upthrusts-PhenLabs/,smart money
PUB;JkBudouKQ8fLnBvLbkJpvtqL7L57rec4,Intraday Buy/Sell signals for Crudeoil,parthi1990,889,False,https://www.tradingview.com/script/KyATwm8J-Intraday-Buy-Sell-signals-for-Crudeoil/,buy sell signal
PUB;f3a15dd242b8482f8107483aaabfaea4,Big Whale Purchases and Sales,Powerscooter,887,True,https://www.tradingview.com/script/gYGCDkW2-Big-Whale-Purchases-and-Sales/,whale
PUB;4f67b837e61c442f839c33a982f46196,Z-Score with Buy & Sell Signals,Steversteves,887,True,https://www.tradingview.com/script/mmyFvori-Z-Score-with-Buy-Sell-Signals/,buy sell signal
PUB;74knXxPgQ4NIITCmujPuNDg804TrKNs1,Trend Following Breakout,TrendSurfersSignals,883,True,https://www.tradingview.com/script/vOfNuQ8n-Trend-Following-Breakout/,trend following
PUB;721d0698aa754f2e85c16f03c7d8f648,ICT FVG Buy/Sell Signals,svmstellarvisionmedia,872,True,https://www.tradingview.com/script/I4pp1V5g-ICT-FVG-Buy-Sell-Signals/,buy sell signal
PUB;ppO2eVA0FiZY3TR0bBP4F8UAiQXNgdfL,BitcoinNinjas Ninja Signals Buy/Sell Alert Trading Script v2.0,Bitcoin_Ninjas,864,False,https://www.tradingview.com/script/hRnt9D2P-BitcoinNinjas-Ninja-Signals-Buy-Sell-Alert-Trading-Script-v2-0/,buy sell signal
PUB;25d1096062f14f68af1513367961b9b3,BB+RSI+EMA BUY/SELL Signals,Nick42_for_win,862,True,https://www.tradingview.com/script/pihwNTwI-BB-RSI-EMA-BUY-SELL-Signals/,buy sell signal
PUB;e0b49fc9093743f988495abc38c350ab,Strong Squeeze Signals | ProjectSyndicate,ProjectSyndicate,859,True,https://www.tradingview.com/script/39xlboDh-Strong-Squeeze-Signals-ProjectSyndicate/,squeeze
PUB;841,UCS_Squeeze_Timing-V3,UDAY_C_Santhakumar,856,True,https://www.tradingview.com/script/aWLX2nkB-UCS-Squeeze-Timing-V3/,squeeze
PUB;4c42ff7135db45a3ab640cda18a80d10,Smart Money Precision Structure [BullByte],BullByte,854,True,https://www.tradingview.com/script/nzvJfbs3-Smart-Money-Precision-Structure-BullByte/,smart money
PUB;vNYv04JQCcGfHmuA33OH0iQAiqE5ZwB1,Squeeze Momentum Strategy based on Indicator [LazyBear][Bitduke],Bitduke,848,True,https://www.tradingview.com/script/5tuGpzpd-Squeeze-Momentum-Strategy-based-on-Indicator-LazyBear-Bitduke/,squeeze
PUB;ad5dd9ddab8648138fb9307677f3b3c0,Stronger Buy/Sell Signals ,Zeoth3200,842,True,https://www.tradingview.com/script/PP1F1uSQ-Stronger-Buy-Sell-Signals/,buy sell signal
PUB;vk8qACiZapg41gGE7g1Fdioexi75GLRi,Supertrend - 3 signal settings - (Long/Short entry tool),silvamari,842,True,https://www.tradingview.com/script/S9vK7TLH-Supertrend-3-signal-settings-Long-Short-entry-tool/,buy sell signal
PUB;wkvfame31XkHkmGjMaGheMuKZ5UXGTnM,TTM Squeeze With Waves ABC,jombie,830,True,https://www.tradingview.com/script/tHEI8pXM-TTM-Squeeze-With-Waves-ABC/,squeeze
PUB;6e65edd814cb477f926928e080576688,Smart Money Structure Decoder [JOAT],officialjackofalltrades,830,True,https://www.tradingview.com/script/jbXFZBMc-Smart-Money-Structure-Decoder-JOAT/,smart money
PUB;82f1966884084d1db71ec1bb3c5ffc14,NQ Order Blocks (Smart Money),swma4444,828,True,https://www.tradingview.com/script/7ZXUjMJ4-NQ-Order-Blocks-Smart-Money/,smart money
PUB;0bc5d694226249ec90f62eccac59bd24,Weekly RSI Buy/Sell Signals,ALGO-TECH,821,True,https://www.tradingview.com/script/LN5c2PNS-Weekly-RSI-Buy-Sell-Signals/,buy sell signal
PUB;mdtKGEsZx5QnGEXJfHECKo7WGjtKX2Gv,Bollinger Band - Keltner Squeeze - Failed Volatility Breakout,juanc2316,814,True,https://www.tradingview.com/script/KqtrEiQS-Bollinger-Band-Keltner-Squeeze-Failed-Volatility-Breakout/,squeeze
PUB;6eca36194550461589b621f728581b0b,Smart Money Trend Engine,AleksDU,814,True,https://www.tradingview.com/script/fK8iU90O-Smart-Money-Trend-Engine/,smart money
PUB;fd68b268464f4e5ba62f382643457897,Whalenator,DinoTradez,807,True,https://www.tradingview.com/script/7bfufCl3-Whalenator/,whale
PUB;13999758c5e7402cb0e5033526830468,Standard Deviation Buy Sell Signals [UOI],uoi2020,805,False,https://www.tradingview.com/script/qu4HlLcb-Standard-Deviation-Buy-Sell-Signals-UOI/,buy sell signal
PUB;627kvngpiI6knUbrHcMdPiI1K0ZVesmJ,Whale alert,icostan,797,True,https://www.tradingview.com/script/knuuzA4d-Whale-alert/,whale
PUB;8c2f49326a6647979f8a8f5e10161fdb,Trade Entry Check list - Smart Money Concept,MirNader_,795,False,https://www.tradingview.com/script/SM7ntAM5-Trade-Entry-Check-list-Smart-Money-Concept/,smart money
PUB;gkitRjkHsiSb0kxD5HHqDH6Zb3KDPtXu,Trend-following Microprofit w/ Smart DCA + Profit Plot + Alerts,Gesundheit,793,False,https://www.tradingview.com/script/q39vgGYB-Trend-following-Microprofit-w-Smart-DCA-Profit-Plot-Alerts/,trend following
PUB;5338549452564d75a55f086b44b8d338,Smart Money Liquidity Zones Pro,chartdottech,790,False,https://www.tradingview.com/script/Crbk6zdg-Smart-Money-Liquidity-Zones-Pro/,smart money
PUB;f9a73e50cdb445dc854607d6ab34fc67,Bars Since MA Cross Can Help Trend Following,TradeStation,788,True,https://www.tradingview.com/script/uANNtrEl-Bars-Since-MA-Cross-Can-Help-Trend-Following/,trend following
PUB;0c5c9fd94628428aa386f0d9e7a376c5,XAU Smart Money Bot V10.2 [SMC + EMA Confluence],vankos1416,786,True,https://www.tradingview.com/script/sfSQmHSj-XAU-Smart-Money-Bot-V10-2-SMC-EMA-Confluence/,smart money
PUB;8449346c42fb4f2284f90fdf06fbf7a5,Trend Following Volatility Trail,HDAlgos,785,True,https://www.tradingview.com/script/UsHiAIoq-Trend-Following-Volatility-Trail/,trend following
PUB;585695eae99a450985dacf19706fa7b3,EMA Trend Cloud with HH/LL Counter [RanAlgo],RanaAlgo,777,False,https://www.tradingview.com/script/94bsdpZr-EMA-Trend-Cloud-with-HH-LL-Counter-RanAlgo/,buy sell signal
PUB;d2f597fb78ab41c198aef4fb5b64fd80,DFXT Smart Money Tools,DEANOFXT,774,False,https://www.tradingview.com/script/Qkxb3sqw-DFXT-Smart-Money-Tools/,smart money
PUB;f627396b37ca488d917955abe3a95313,"Smart Money Concept, Modern View",ata_sabanci,772,True,https://www.tradingview.com/script/6hFAkoNU-Smart-Money-Concept-Modern-View/,smart money
PUB;63bc1932404f40349ef733e9e39f6247,HARSI - The WHALE v2,crypto_tycho,771,False,https://www.tradingview.com/script/cgP3jOvk-HARSI-The-WHALE-v2/,whale
PUB;bc3a387accda48b9a617f29d37ae9b37,BBW EMA RIBBON+BB%B+EMA BUY/SELL Signals,Nick42_for_win,757,True,https://www.tradingview.com/script/OUfHoKGF-BBW-EMA-RIBBON-BB-B-EMA-BUY-SELL-Signals/,buy sell signal
PUB;fe8cef2eb8e74bb5b77b66bf124ad009,LNL Squeeze Arrows,lnlcapital,755,True,https://www.tradingview.com/script/PAlPBCb9-LNL-Squeeze-Arrows/,squeeze
PUB;96e9720e2a454eaa99d5534e419248fd,Squeeze Momentum MTF [LPWN],Lupown,754,True,https://www.tradingview.com/script/DW6z0ffm-Squeeze-Momentum-MTF-LPWN/,squeeze
PUB;ecc46daf05f14909a4ce974ca3674ea8,Zero-Lag MA Trend Following,PakunFX,748,True,https://www.tradingview.com/script/7kbjZ4he-Zero-Lag-MA-Trend-Following/,trend following
PUB;a7d953b682354d42b8109ba5862f2730,SMC by ASHY-JAY,JaypelFX,742,True,https://www.tradingview.com/script/OfggOnQz-SMC-by-ASHY-JAY/,smart money
PUB;87131590f4fa4747ad6c090c53a60a8a,lgvsrproindicator,laxmanaccountant,736,True,https://www.tradingview.com/script/LLTC8b10-lgvsrproindicator/,smart money
PUB;30a8ba9b76574b39b323de5b4128c1c8,Whales Buy-Sell By CryptoScripts,CryptoScripts,733,False,https://www.tradingview.com/script/bAKvk8Ts-Whales-Buy-Sell-By-CryptoScripts/,whale
PUB;d57d6e450b0b426fa109d0132d7356ba,Z Score & Trend Following,Ameno09,732,True,https://www.tradingview.com/script/p1VDdZCB-Z-Score-Trend-Following/,trend following
PUB;875,UCS Squeeze Bar,UDAY_C_Santhakumar,717,True,https://www.tradingview.com/script/m3sehOFl-UCS-Squeeze-Bar/,squeeze
PUB;3e78738d074644228dbd22bda23875af,True Strength Index with Buy/Sell Signals and Alerts,LuxmiAI,715,True,https://www.tradingview.com/script/umZwJzGr-True-Strength-Index-with-Buy-Sell-Signals-and-Alerts/,buy sell signal
PUB;5DvcXHip35xLrAyX52pDr6xtU9i5xGPO,"MarCipher | Buy/sell signals including VWAP, RSI and Stoch RSI.",marshaggs,709,False,https://www.tradingview.com/script/FNPf0MYo-MarCipher-Buy-sell-signals-including-VWAP-RSI-and-Stoch-RSI/,buy sell signal
PUB;d615e5a027804fabba86230e6894b7d7,Adaptive Trend Following Suite [Alpha Extract],AlphaExtract,708,True,https://www.tradingview.com/script/PzNwDABE-Adaptive-Trend-Following-Suite-Alpha-Extract/,trend following
PUB;0I4kxX8E8N7z62CyQlANpS3TV2GcLiQX,Squeeze CMF Indicator,jod17,707,True,https://www.tradingview.com/script/DrRoR8uc-Squeeze-CMF-Indicator/,squeeze
PUB;0da0385996be43a78fb0b4df4f08553d,Whale Kit,ChartPrime,703,False,https://www.tradingview.com/script/BUAvlU1k-Whale-Kit/,whale
PUB;bd3eb97c2b494d01921032c5dc331bdc,Buy & Sell - Accurate Signals,Cryptokingworld91,699,True,https://www.tradingview.com/script/7Da2jXks-Buy-Sell-Accurate-Signals/,buy sell signal
PUB;2ualPpG20I0sKKo6omIMmMxFHYNQT2Tu,Strategy Testing Advanced Buy/Sell Signals,mattzab,695,False,https://www.tradingview.com/script/9M81E6g4-Strategy-Testing-Advanced-Buy-Sell-Signals/,buy sell signal
PUB;v0d1rwLHjXobyApD15BLp3iWRG8DxwkJ,15 Minute Gold Trend-Following Strategy,MtxTrader,694,True,https://www.tradingview.com/script/9morbD5t-15-Minute-Gold-Trend-Following-Strategy/,trend following
PUB;9d26bb924edc419e98a54cd7be11eabb,KDJ-RSI Buy/Sell Signal ver. 1,leongziqi,681,True,https://www.tradingview.com/script/D4xfsy7r-KDJ-RSI-Buy-Sell-Signal-ver-1/,buy sell signal
PUB;33876ac10d644c46bf0f1d1f67f7b7a7, Big Orders Detector - Whale Activity Spotter,gotnw,678,True,https://www.tradingview.com/script/A9ntssWX-Big-Orders-Detector-Whale-Activity-Spotter/,whale
PUB;2BZblBj6eAtWyPEgEnBSYVCZ4R31o06z,Study for Squeeze Momentum Indicator [LazyBear],03.freeman,676,True,https://www.tradingview.com/script/tDipDZBj-Study-for-Squeeze-Momentum-Indicator-LazyBear/,squeeze
PUB;edfaff05350f406092874780e934f06c,Algorganic Buy / Sell / X-Exit Signal [UOI],uoi2020,673,False,https://www.tradingview.com/script/dhJ1tKR2-Algorganic-Buy-Sell-X-Exit-Signal-UOI/,buy sell signal
PUB;caca248edd1a4bc7aa8857c730cb421f,Bitcoin SuperFlip | Supertrend EMA Trend-Following Strategy,blitz_locked,672,True,https://www.tradingview.com/script/NgSIfKQx-Bitcoin-SuperFlip-Supertrend-EMA-Trend-Following-Strategy/,trend following
PUB;N9nTm9yh1THVpTz7LK2oRm74ubblflvp,Squeeze Zone,DasanC,670,False,https://www.tradingview.com/script/J80nlOas-Squeeze-Zone/,squeeze
PUB;FYh0MSXSxhOTx2oERXEOzMiEED77GbKl,Buy and sell signals,alexpunct,668,False,https://www.tradingview.com/script/mF05SMOj-Buy-and-sell-signals/,buy sell signal
PUB;48279a483c764eee8f0b2fe04b42d66b,Squeeze Momentum TD - A Revisited Version of the TTM Squeeze,Trading_Paradise,667,True,https://www.tradingview.com/script/toIfJnMu-Squeeze-Momentum-TD-A-Revisited-Version-of-the-TTM-Squeeze/,squeeze
PUB;9dc8520e13d44e2daa75a879c6ac8370,Smart Money Volume [JoeyWave],Joeywave369,663,True,https://www.tradingview.com/script/qvpCtvdJ-Smart-Money-Volume-JoeyWave/,smart money
PUB;531053d8de554d87a1a672ba425fdecd,TF Trend + Buy - Sell Signal Predictor By AI,Phurich8,660,False,https://www.tradingview.com/script/hhCnmsRO-TF-Trend-Buy-Sell-Signal-Predictor-By-AI/,buy sell signal
PUB;M5JvKEsjmYvVnwlW3vjf1HlUS2D7uUds,BB and Keltner Squeeze,Trader-Elisa,651,True,https://www.tradingview.com/script/qxaWkEPd-BB-and-Keltner-Squeeze/,squeeze
PUB;23650f120bdb48ba8696ed431bf8205f,Buy/Sell Signals,LossTronaut,648,True,https://www.tradingview.com/script/VubFLJdx-Buy-Sell-Signals/,buy sell signal
PUB;050deae42fec4a30856b1c914a39de15,Smart Money Alpha Signals (Performance Dashboard),BIGTAKER,643,True,https://www.tradingview.com/script/582Z0Qbz-Smart-Money-Alpha-Signals-Performance-Dashboard/,smart money
PUB;84451c04c34a4e928a6a92a2956e7ddb,TrendGrade Buy  Sell Signals,osmnbayram,643,True,https://www.tradingview.com/script/PsaG6aGD-TrendGrade-Buy-Sell-Signals/,buy sell signal
PUB;d7a7d60ae0a840c8ad5d7b08273fbc0c,"Support and Resistance Zones, Key Levels & Hold Rate [LunqFX]",LunqFX,640,True,https://www.tradingview.com/script/qGKZaQ9p-Support-and-Resistance-Zones-Key-Levels-Hold-Rate-LunqFX/,buy sell signal
PUB;GQIPEQTP2xsoBpsEpJETm5Ae0AteCuii,RSI Divergence - Baby Whale,BabyWhale83,632,True,https://www.tradingview.com/script/0F1z38Uy-RSI-Divergence-Baby-Whale/,whale
PUB;kgqYOTFBsw6x3EGALjf419A2S2aC7LUi,Awesome Buy/Sell Signal,toox007,631,False,https://www.tradingview.com/script/5J1gBehj-Awesome-Buy-Sell-Signal/,buy sell signal
PUB;d1fc51fe60a74ee4a72a9f9506093c60,Adaptive Squeeze Momentum Pro [WillyAlgoTrader],WillyAlgoTrader,626,True,https://www.tradingview.com/script/XhQiviEN-Adaptive-Squeeze-Momentum-Pro-WillyAlgoTrader/,squeeze
PUB;XKySsqeycNHbo36i8ntpOmJvQRSUAvog,Trend-following Microprofit w/ Smart DCA BACKTESTING VERSION,Gesundheit,625,False,https://www.tradingview.com/script/zyumsFq6-Trend-following-Microprofit-w-Smart-DCA-BACKTESTING-VERSION/,trend following
PUB;735f813dd0ca4a3a987a59d279c55fe0,Daily Manipulation and Distribution Levels with Buy/Sell Signals,alixx220,620,True,https://www.tradingview.com/script/M2ghUGgf-Daily-Manipulation-and-Distribution-Levels-with-Buy-Sell-Signals/,buy sell signal
PUB;d2b47caf99fc4b63897d687cdcc950fd,Bitfinex Whale Indicator[Benson],bensonsuntw,619,False,https://www.tradingview.com/script/OfmzKmRN-Bitfinex-Whale-Indicator-Benson/,whale
PUB;c7G3clMBEwqlhZhbPFItwC7bg4snRRv3,Keltner Channels Trending Squeeze V3,jasondhadley,610,False,https://www.tradingview.com/script/p1LgiaWj-Keltner-Channels-Trending-Squeeze-V3/,squeeze
PUB;diiwOYaWyPzE8cOPtgQd30wAy39jlS86,[blackcat] L1 Bitcoin Guppy Whale Pump Dump Oscillator,blackcat1402,609,True,https://www.tradingview.com/script/uuOXAUmN-blackcat-L1-Bitcoin-Guppy-Whale-Pump-Dump-Oscillator/,whale
PUB;79EgPau4y1K3AzaNRPz4ysNNjduwzCUO,LB Squeeze Momentum Divergences,ruckard,606,True,https://www.tradingview.com/script/aoYPDcF9-LB-Squeeze-Momentum-Divergences/,squeeze
PUB;7bw8rACp70J8HKlCg4ruFGBkOid5wxpD,RED DIAMOND,la4440,603,False,https://www.tradingview.com/script/y5OH4p4N-RED-DIAMOND/,diamond
PUB;5mjxSr5dhBEdxcgbxOhhVoTFUQwq3yN3,Sassy's Buy Sell Signals,fatrock292,603,False,https://www.tradingview.com/script/M9eoQuWY-Sassy-s-Buy-Sell-Signals/,buy sell signal
PUB;bb6d9295358944ce9e05bbefb67e67e7,Trend Following Parabolic Buy Sell Strategy [TradeDots],tradedots,602,True,https://www.tradingview.com/script/hsJ1K1Uw-Trend-Following-Parabolic-Buy-Sell-Strategy-TradeDots/,trend following
PUB;y0Yg7xG2ZPvzpYTx7e4YMjXA4LcVR3yU,BBW-Squeeze alerts,DashTrader,595,True,https://www.tradingview.com/script/4yuf15c2-BBW-Squeeze-alerts/,squeeze
PUB;DYC55hMfp3tlI5mMglc1ALFdx7PbeG45,all squeezes,tucsky,592,True,https://www.tradingview.com/script/SxufSlwl-all-squeezes/,squeeze
PUB;4WRQe4S7a7f22qShy4bMgOG8WmLCMWBs,BB With Buy & Sell Signaling by mattzab,mattzab,592,True,https://www.tradingview.com/script/tm4hG8WO-BB-With-Buy-Sell-Signaling-by-mattzab/,buy sell signal
PUB;dWlGkFnhzWSrUQvQdeHnItmxfwoKfa3w,Wave Trend Strategy [LazyBear] & Squeeze,03.freeman,586,False,https://www.tradingview.com/script/gdpRcDrp-Wave-Trend-Strategy-LazyBear-Squeeze/,squeeze
PUB;eHyYjT4BHI32TvOf3yA2iQXcp9YEAoTQ,Simpler Trading Squeeze,SimplerTrading,585,False,https://www.tradingview.com/script/8tpBrCsg-Simpler-Trading-Squeeze/,squeeze
PUB;db89a93081684cf68cf7d68c271df6e2,Quant VWAP System 3.8 ,CustomQuantLabs,584,True,https://www.tradingview.com/script/eAwBIZ7N-Quant-VWAP-System-3-8/,squeeze
PUB;6ecef22e5d464b4eb9085a92858b5751,Smart Buy/Sell Signal Indicator,TradeTechanalysis,584,False,https://www.tradingview.com/script/Zugc9qO6-Smart-Buy-Sell-Signal-Indicator/,buy sell signal
PUB;df17cf66419f409dab6311f09fb83d2b,Williams Fractals BUY/SELL signals indicator,CHATHURANGA91,582,True,https://www.tradingview.com/script/rBW3jjnF-Williams-Fractals-BUY-SELL-signals-indicator/,buy sell signal
PUB;YSEwxexUdOnoOmOf0wvvL1aqMHZjBkxq,Squeeze Momentum Indicator,accypriyesh,576,False,https://www.tradingview.com/script/0s3c0LOv-Squeeze-Momentum-Indicator/,squeeze
PUB;77uOcvdFbjGhb4q4Jfo0zol6UHqaIES7,GnG - Cuan Sniper with 7MA and Buy Sell Signal,setiadelight,574,True,https://www.tradingview.com/script/zqePoX03-GnG-Cuan-Sniper-with-7MA-and-Buy-Sell-Signal/,buy sell signal
PUB;0IB0k6ESsYkhKSMjbdaGEZWpImFJ5AeN,Nicky - Trend and Fibozone,nickyholder,570,False,https://www.tradingview.com/script/HMIiguV1-Nicky-Trend-and-Fibozone/,buy sell signal
PUB;d7dc459f23244aed8f44a9bfbe1f7ef9,YUSUF KARA YZLM Moving Average and Buy/Sell Signals,noertz,561,False,https://www.tradingview.com/script/Wj5yuL1S-YUSUF-KARA-YZLM-Moving-Average-and-Buy-Sell-Signals/,buy sell signal
PUB;1oP1bleybxBnHOiUkyJ7HvEW92CIDV56,Philakone 5EMA Swing Trading Strategy [Buy&Sell Signals],bored_risker,557,True,https://www.tradingview.com/script/fdZWgqR7-Philakone-5EMA-Swing-Trading-Strategy-Buy-Sell-Signals/,buy sell signal
PUB;1201456025f341069a7bbc647137f57d,3x Supertrend + EMA200 Signal Buy/Sell [nsen],TW_Academy,554,True,https://www.tradingview.com/script/ytygdDpG-3x-Supertrend-EMA200-Signal-Buy-Sell-nsen/,buy sell signal
PUB;742a247955014136be6001d9bce3c055,Buy-Sell Signals using Multi-Logic Trading System,InvestyourAsset,553,True,https://www.tradingview.com/script/hYNO4UJ3-Buy-Sell-Signals-using-Multi-Logic-Trading-System/,buy sell signal
PUB;tevQ6NrLwSqDdJ3vOQG4voWWf0bhTr4S,(Poshtrader) Bollinger Band Squeeze,Poshtraderltd,551,True,https://www.tradingview.com/script/DoyaaMql-Poshtrader-Bollinger-Band-Squeeze/,squeeze
PUB;tPrrA30BXBqgXliXlwk2l6Pz0Gk2YW0V,[blackcat] L5 Whales Jump Out of Ocean X,blackcat1402,551,False,https://www.tradingview.com/script/6kRPcRVr-blackcat-L5-Whales-Jump-Out-of-Ocean-X/,whale
PUB;e656yr8e9wo1c76ZgLV5pz1BiKPb5Rmp,Buy/Sell Signal using 2MA and PriceValue,LensOfChartist,550,False,https://www.tradingview.com/script/LuWXRHEr-Buy-Sell-Signal-using-2MA-and-PriceValue/,buy sell signal
PUB;TDZlqd4KJAXrXyUj9XTnGqvzrZVst3QB,Intelligent Supertrend (AI) - Buy or Sell Signal,GrantPeace,547,False,https://www.tradingview.com/script/q9244PAH-Intelligent-Supertrend-AI-Buy-or-Sell-Signal/,buy sell signal
PUB;ed6313ef77d348449922b28247ffe48c,Whale Buy Activity Detector (Real-Time),Zdorman,546,True,https://www.tradingview.com/script/uIxAMqMu-Whale-Buy-Activity-Detector-Real-Time/,whale
PUB;304f7b9997dc4f339608091bf96fc150,Deep Trades Whales [PointAlgo],pointalgo,535,False,https://www.tradingview.com/script/GJQFEELb-Deep-Trades-Whales-PointAlgo/,whale
PUB;c0f6ab395ea54f95b5c7dd5d7b3398b7,Whale Supertrend (V1.2),WhaleMoves,534,True,https://www.tradingview.com/script/ejTmsgCm-Whale-Supertrend-V1-2/,whale
PUB;dafc583a0b70446d8a54d6322bb43167,Buffett Indicator: Wilshire 5000 to GDP Ratio [WhaleCrew],WhaleCrew,533,True,https://www.tradingview.com/script/2DpX33TS-Buffett-Indicator-Wilshire-5000-to-GDP-Ratio-WhaleCrew/,whale
PUB;qELaYUInAKInjs17NnaTh7ayBzBYzrGM,[blackcat] L2 KDJ with Whale Pump and Oust,blackcat1402,533,True,https://www.tradingview.com/script/bhdaBHlg-blackcat-L2-KDJ-with-Whale-Pump-and-Oust/,whale
PUB;DTqsRR9NCXtPCR5jbrkqduIxLeOaKUIo,BitcoinNinjas 'Ninja Signals' Buy/Sell Alert Trading Script v3.0,Bitcoin_Ninjas,532,False,https://www.tradingview.com/script/1S6mYvwe-BitcoinNinjas-Ninja-Signals-Buy-Sell-Alert-Trading-Script-v3-0/,buy sell signal
PUB;22c9512a8feb4ff2b9026e6ec6cff9be,Uptrick: MACD Slope Buy/Sell Signals,Uptrick,531,True,https://www.tradingview.com/script/lq5V6C6m-Uptrick-MACD-Slope-Buy-Sell-Signals/,buy sell signal
PUB;757,UCS_Squeeze_Timing-V2,UDAY_C_Santhakumar,529,True,https://www.tradingview.com/script/mTqvxVKM-UCS-Squeeze-Timing-V2/,squeeze
PUB;jjXKfJRd50M5jAnB5woZ0clHwsc3QbQl,Drunken Bands and Diamond Beep,PP_Drunkentrader,527,False,https://www.tradingview.com/script/9w1Xzfx3-Drunken-Bands-and-Diamond-Beep/,diamond
PUB;2439,TTM Sqz,vrbulls123,526,True,https://www.tradingview.com/script/c2FrK4xc-TTM-Sqz/,squeeze
PUB;PHQLGD7yHj3VzvwmZYgHzZljodzdBi4z,Squeeze Momentum Indicator v4_pine [By Lazy Bear],TL_ID,524,True,https://www.tradingview.com/script/2dosxwBH-Squeeze-Momentum-Indicator-v4-pine-By-Lazy-Bear/,squeeze
PUB;cc9d4cc0213a4ef7b3399f56f6197bed,Z-Score Buy and Sell Signals,Steversteves,523,True,https://www.tradingview.com/script/hp7oxjcQ-Z-Score-Buy-and-Sell-Signals/,buy sell signal
PUB;f3d45df23d7e4e318179eacca925589b,[blackcat] L3 Whale Sniper,blackcat1402,522,True,https://www.tradingview.com/script/DLSz2MvE-blackcat-L3-Whale-Sniper/,whale
PUB;a985c3362b664db9886344380163b4c6,Adaptive Squeeze Momentum (Zeiierman),Zeiierman,518,False,https://www.tradingview.com/script/C8YzddFI-Adaptive-Squeeze-Momentum-Zeiierman/,squeeze
PUB;3mKhPy4RMOqbpBwb9OJGJwXvjPQmoMW3,TTM Squeeze Alert Indicator TrueFalse,lunarlemur,509,False,https://www.tradingview.com/script/c4MyCZjw-TTM-Squeeze-Alert-Indicator-TrueFalse/,squeeze
PUB;b711f67b32a3438185bbb30cbbade6b3,Squeeze Momentum Indicator Strategy [LazyBear + PineIndicators],PineIndicators,508,True,https://www.tradingview.com/script/G40dtEbK-Squeeze-Momentum-Indicator-Strategy-LazyBear-PineIndicators/,squeeze
PUB;69a4b8cd2e854142a239c7159f8b12f7,Buy and Sell Signal Based on Rsi Indicatior and Price Action,SansarCrypto,507,False,https://www.tradingview.com/script/bVhvaKu3-Buy-and-Sell-Signal-Based-on-Rsi-Indicatior-and-Price-Action/,buy sell signal
PUB;E6dXz7g5P81XCXnRbiM1fa02a36kBCLj,Trend Indicator with BUY SELL signals,technicalwhale,505,True,https://www.tradingview.com/script/sw58QT16-Trend-Indicator-with-BUY-SELL-signals/,buy sell signal
PUB;8babc273e17b46f580ecfc7144fe4106,XAUUSD 1H – FVG Buy/Sell Signals ,Gainsv50,504,True,https://www.tradingview.com/script/69xiP1p3-XAUUSD-1H-FVG-Buy-Sell-Signals/,buy sell signal
PUB;6xR7vvRVvkhekoPXLMdBGcXmvVAQenb8,auto trend lines with buy sell signal,kalakartradersYT,502,False,https://www.tradingview.com/script/JyRxhf1y-auto-trend-lines-with-buy-sell-signal/,buy sell signal
PUB;7aa4c7b441d346e494bae299380d1641,[blackcat] L3 Swing Whale Catcher,blackcat1402,498,True,https://www.tradingview.com/script/7uk4vteh-blackcat-L3-Swing-Whale-Catcher/,whale
PUB;4d55c847f4024f4f9141e5deed463e51,"Adaptive SuperTrend -, Regime Filter & Buy/Sell Signals [LunqFX]",LunqFX,498,True,https://www.tradingview.com/script/2bV26wI5-Adaptive-SuperTrend-Regime-Filter-Buy-Sell-Signals-LunqFX/,buy sell signal
PUB;383f466d1048418a8fc3fe60f4610ebf,Enhanced Strategy (Buy/Sell Signals),curiousMind38569,495,True,https://www.tradingview.com/script/bdjAMI60-Enhanced-Strategy-Buy-Sell-Signals/,buy sell signal
PUB;b76f4856ce9e4330a2f8a9b2055c7071,"SMA, VWAP with Buy/Sell Signals - First Signal Only",k_sandysmart,494,True,https://www.tradingview.com/script/7lEA5GAY-SMA-VWAP-with-Buy-Sell-Signals-First-Signal-Only/,buy sell signal
PUB;4b058492e8a7401cb7a07f679b8f42e7,Diamond Pattern,kilavuz_369,493,True,https://www.tradingview.com/script/dfXks5vg-Diamond-Pattern/,diamond
PUB;16370eeea95243a4ba84054e318bd6ec,Up & Down Trend following trading strategy for BTC/USDT 3h,pcooma,492,True,https://www.tradingview.com/script/SgfPEjZH-Up-Down-Trend-following-trading-strategy-for-BTC-USDT-3h/,trend following
PUB;wOu3EtnzddSBmsewQ9gPXie2BUJApHWL,Squeeze Momentum Indicator MTF with alerts [lazy bear],manomanomano,480,True,https://www.tradingview.com/script/f2aFKyKj-Squeeze-Momentum-Indicator-MTF-with-alerts-lazy-bear/,squeeze
PUB;jD59Q9f3wFYvj46jTG6HYAt3nTORtXrH,Squeeze Breakout using BB and KC [v1.0][Bishnu103],Bishnu103,470,True,https://www.tradingview.com/script/eaDmt5hj-Squeeze-Breakout-using-BB-and-KC-v1-0-Bishnu103/,squeeze
PUB;fd035142ab4943499b2576b4a1d688d7,MTF Squeeze Analyzer - [tradeviZion],TradeVizion,465,True,https://www.tradingview.com/script/Wjt6eNTI-MTF-Squeeze-Analyzer-tradeviZion/,squeeze
PUB;nEbDY8n0Fx87LV7AQvoEiWPwDHCOThIy,Trend following 3 EMA & Bullish Engulfing indicator for Forex,c4ss10p314,464,True,https://www.tradingview.com/script/yu8hvSbO-Trend-following-3-EMA-Bullish-Engulfing-indicator-for-Forex/,trend following
PUB;HHVTlWzHs6rnbpPV4HsE8RflqWhOUVsn,Bollinger Bands w/ Squeeze Alert,SThom27,459,True,https://www.tradingview.com/script/HcbazIig-Bollinger-Bands-w-Squeeze-Alert/,squeeze
PUB;8c03f8f9fe114ad3ae3a52fb74e02d69,EMA bands + leledc + bollinger bands trend following strategy v2,readysetliqd,458,True,https://www.tradingview.com/script/RqcLxyIW-EMA-bands-leledc-bollinger-bands-trend-following-strategy-v2/,trend following
PUB;840e5edabf6944a181c404e2a2f91ece,Modern Squeeze Momentum [GBB],GoodBadBitcoin,457,True,https://www.tradingview.com/script/BPermj6R-Modern-Squeeze-Momentum-GBB/,squeeze
PUB;EBkpWOnRCYi6IZsdGQHV4cKFy75gwOmQ,TTM Squeeze Overlay by Drecken,drecken,450,False,https://www.tradingview.com/script/xjrEgHoz-TTM-Squeeze-Overlay-by-Drecken/,squeeze
PUB;5d19312171be4665974fedd9a12a5487,Squeeze AI - Breakout Direction Probability [Dots3Red],Dots3Red,441,True,https://www.tradingview.com/script/d0q47qU6-Squeeze-AI-Breakout-Direction-Probability-Dots3Red/,squeeze
PUB;1518a7540b3b4a9789ce9c46936d0d34,Mutanabby_AI | ATR+ | Trend-Following Strategy,Mutanabby_AI,440,True,https://www.tradingview.com/script/EdeSmT9i-Mutanabby-AI-ATR-Trend-Following-Strategy/,trend following
PUB;9d473530068146a188fd417e5d6ffbe3,Unusual Whale - Unusual Options Volume Data Screener,Midgar-,436,True,https://www.tradingview.com/script/s1zqWbTj-Unusual-Whale-Unusual-Options-Volume-Data-Screener/,whale
PUB;f3bc8eca2fa344538d62befc9dd701a8,BB Breakout + Momentum Squeeze [Strategy],WunderTrading,435,True,https://www.tradingview.com/script/LYoe08Gn-BB-Breakout-Momentum-Squeeze-Strategy/,squeeze
PUB;d7721058bb7c4563a9f9cd5fdc0ef39a,Squeeze Momentum Indicator [LazyBear] added Alerting + webhook,jbritton001,434,True,https://www.tradingview.com/script/9dGBisk6-Squeeze-Momentum-Indicator-LazyBear-added-Alerting-webhook/,squeeze
PUB;O2pTShoezHSHUwrxglKhWKlOkgiQRdqD,Setup Trend Following Bollinger Bands - Valente,Valente_F,426,True,https://www.tradingview.com/script/qLaObzaP-Setup-Trend-Following-Bollinger-Bands-Valente/,trend following
PUB;jB0eI15u7X2qnkVWqpzQInQDjUcVdBiR,Squeeze control. Version standart 0.13b,taran1tul,421,False,https://www.tradingview.com/script/y9Lzr26z-Squeeze-control-Version-standart-0-13b/,squeeze
PUB;0e4d8cd0cea5489f85e8c7e4cc2012c5,AlphaX Consolidation Engine  Squeeze Detection Breakout Signals,AlphaX-Trade,414,True,https://www.tradingview.com/script/D521qQHe-AlphaX-Consolidation-Engine-Squeeze-Detection-Breakout-Signals/,squeeze
PUB;b3d0343c14094d83ba2ac28ddedc8438,Squeeze Momentum Indicator [AGPro Series],AGProLabs,412,True,https://www.tradingview.com/script/5hV7cFAS-Squeeze-Momentum-Indicator-AGPro-Series/,squeeze
PUB;50b693059b514b43b6e41ce362fc40db,WHALE SIGNAL 4H,cryptospo,410,True,https://www.tradingview.com/script/tWmne4Zd-WHALE-SIGNAL-4H/,whale
PUB;e09f65b073a243848f63358ccca78bcf,Retail Insider Trend Following (HTF ONLY),Retail_Insider,409,True,https://www.tradingview.com/script/a8ZKQCiM-Retail-Insider-Trend-Following-HTF-ONLY/,trend following
PUB;0d82d820acea4c6793136001d3ce1425,Shiller PE Ratio (CAPE Ratio) [WhaleCrew],WhaleCrew,404,True,https://www.tradingview.com/script/onB4u6b6-Shiller-PE-Ratio-CAPE-Ratio-WhaleCrew/,whale
PUB;iIpx3u4liLrKBcqXNQHlpjEfnOHuLiTQ,Volume Squeeze Momentum by Hypester,spectertrading,395,False,https://www.tradingview.com/script/uhw9Lf66-Volume-Squeeze-Momentum-by-Hypester/,squeeze
PUB;2804,Squeeze Momentum with different time frame,MarcoValente,377,True,https://www.tradingview.com/script/lhzHM7Li-Squeeze-Momentum-with-different-time-frame/,squeeze
PUB;1ddcc1c7a0134d529019421e0a1a9cd8,Candles - The Whale,crypto_tycho,377,False,https://www.tradingview.com/script/CgyhRiSb-Candles-The-Whale/,whale
PUB;ca96efbf9eae4e478b425364c377a1b0,Leonidas Trend Following System,LeonidasCrypto,371,True,https://www.tradingview.com/script/eSEI2k0d-Leonidas-Trend-Following-System/,trend following
PUB;rLTpLj0rtR2px53j3l6rCCYxTx4onmGC,Noro's Squeeze Momentum Strategy v1.0,ROBO_Trading,361,True,https://www.tradingview.com/script/hA8ML2Q4-Noro-s-Squeeze-Momentum-Strategy-v1-0/,squeeze
PUB;BlOgqrLq8KDNHzEELyL7Okz50Qs3bv4p,Generation 6 Massive Trend Following for Gold (Note at bottom!),MtxTrader,360,True,https://www.tradingview.com/script/EpO6Rqj0-Generation-6-Massive-Trend-Following-for-Gold-Note-at-bottom/,trend following
PUB;Hl3XKzVX4pBpHHKjKcXverIven8GmxOT,Bollinger Bands With Squeeze [Nic],NicTheMajestic,356,True,https://www.tradingview.com/script/fyBhFs48-Bollinger-Bands-With-Squeeze-Nic/,squeeze
PUB;pGYChG0h2RYYCJVfO8Gjzx2rIFn4yepy,Trend Following Long Only Strategy,coingrabber,354,True,https://www.tradingview.com/script/EEn8pjzB-Trend-Following-Long-Only-Strategy/,trend following
PUB;7b2c285e023745d2829a9ad74c9126dd,Farouk's Playbook Smart Money Suite Whale Room ,SeaScalper-Farouk,351,False,https://www.tradingview.com/script/GwLrnQOh-Farouk-s-Playbook-Smart-Money-Suite-Whale-Room/,whale
PUB;d4ca7912703c4b49812839f99ff2f083,Bollinger Bands Squeeze,s3raphic333,349,True,https://www.tradingview.com/script/Tr8cAjIB-Bollinger-Bands-Squeeze/,squeeze
PUB;D0N3Zp3FXiBgVkqwGCiN08gl55Weuq8P,L1 Whale Tracker Radar v1,blackcat1402,349,True,https://www.tradingview.com/script/gWVJrIID-L1-Whale-Tracker-Radar-v1/,whale
PUB;d6273115234143eabf57a6a0068a7fbe,REM BB Pullback Rider - Trend-Following MTF Strategy,Ren-1904,347,False,https://www.tradingview.com/script/v9EvreQV-REM-BB-Pullback-Rider-Trend-Following-MTF-Strategy/,trend following
PUB;ac4d86c9018a40d4a59a3ce7b1aab91c,Whale Order Flow Radar [JOAT],officialjackofalltrades,344,True,https://www.tradingview.com/script/JJHJQfaH-Whale-Order-Flow-Radar-JOAT/,whale
PUB;c44aca9653bc4024ab0495a4c91d3745,WhaleCrew Crypto Open Interest,WhaleCrew,343,True,https://www.tradingview.com/script/2BCJrtSc-WhaleCrew-Crypto-Open-Interest/,whale
PUB;dNcKSrvgepCYN3rYCdCE8TyVNFdTP8sU,(JS) Squeeze Pro Early Signal Candles,J-Streak,339,False,https://www.tradingview.com/script/Sv5PeOby-JS-Squeeze-Pro-Early-Signal-Candles/,squeeze
PUB;H4wBxCoGCCMMDT0o98xsHSl0N00kCvmy,(NKC) MTF Squeeze Pro ,nkcming,338,True,https://www.tradingview.com/script/lIlXKbD4-NKC-MTF-Squeeze-Pro/,squeeze
PUB;bePeUK5AFYhiSRLTUXcc0OCuoNUq9A4n,Squeeze X BF 🚀,bennef,337,True,https://www.tradingview.com/script/prNoa3p7-Squeeze-X-BF/,squeeze
PUB;v5XT5Wa6GtPAEGanUUHySLxh0rOOujzs,MACD Trend Squeezer V2,Quartz-,333,True,https://www.tradingview.com/script/qA251ioi-MACD-Trend-Squeezer-V2/,squeeze
PUB;59e7a54736604a75a1e8f9d5c91513d0,Whale Momentum Wave Oscillator,EsIstTurnt,333,True,https://www.tradingview.com/script/M4Smg1xg-Whale-Momentum-Wave-Oscillator/,whale
PUB;d5b7be8df25249538ab82a549a52dce9,RSI Trend Following Strategy,Skyrexio,328,True,https://www.tradingview.com/script/mwyj1IWU-RSI-Trend-Following-Strategy/,trend following
PUB;b4d122827e52480ab60e52ee4733bc9d,Three EMAs Trend-following Strategy (by Coinrule),Coinrule,326,True,https://www.tradingview.com/script/RmQ4N8M6-Three-EMAs-Trend-following-Strategy-by-Coinrule/,trend following
PUB;TAnUI3XWsH1WBMc7e4nkAnEvYcdgEzj1,Bitcoin Momentum TSI,moneros,325,True,https://www.tradingview.com/script/5ujVMV7y-Bitcoin-Momentum-TSI/,squeeze
PUB;3bfc161692f34320af0a288c6443ff26,The Killer Whale - Multiple Keltner Channels by Joe,crypto-with-joe,324,True,https://www.tradingview.com/script/LNcBkSRw-The-Killer-Whale-Multiple-Keltner-Channels-by-Joe/,whale
PUB;41492eb9a7b848d1bc0ac8cc5b2d43da,Fractal Breakout Trend Following System,Botnet101,316,True,https://www.tradingview.com/script/XOaazs6o-Fractal-Breakout-Trend-Following-System/,trend following
PUB;4b480a24a21d45dea83ef7d52209a119,Whale Trend Analysis,PhoebeAI,314,False,https://www.tradingview.com/script/T1hiHhzP-Whale-Trend-Analysis/,whale
PUB;9220f5a26a3f4e51bdb8af80fd6559ff,TradeDots - Buy Sell Signals,tradedots,314,False,https://www.tradingview.com/script/uINhRayE-TradeDots-Buy-Sell-Signals/,trend following
PUB;ead5d677f7e846d3a83a52a5e3887c63,2 Moving Averages | Trend Following,sosacur01,303,True,https://www.tradingview.com/script/Ixc6wuA0-2-Moving-Averages-Trend-Following/,trend following
PUB;473c8e3219174dbfa038e18419bc4099,TTP Big Whale Explorer,TheTradingParrot,301,True,https://www.tradingview.com/script/QTqOhc57-TTP-Big-Whale-Explorer/,whale
PUB;7d826cb3e4e54d7a962cd06875fcb2c0,Classic Long Term Trend Following System,LordRobrecht,295,True,https://www.tradingview.com/script/xM16I5bD-Classic-Long-Term-Trend-Following-System/,trend following
PUB;922fd8c2b36c4f0eaf38f20c26186321,Trend Following based on Trend Confidence,carefulCamel61097,295,True,https://www.tradingview.com/script/AZYfvGxf-Trend-Following-based-on-Trend-Confidence/,trend following
PUB;btc48pj88ek8Lcq5PWtno7XYItXowyCG,Diamonds Finder,hiddenpablo,287,False,https://www.tradingview.com/script/aYaqtGBE-Diamonds-Finder/,diamond
PUB;LJVKdwnM5zH1sHY38qj1YSSzjnhYyo6Y,Copernicus Alerts Signals Premium Diamond Exclusive by Goldman ,armandogoldmanlaszlo,281,False,https://www.tradingview.com/script/c23gKs0g-Copernicus-Alerts-Signals-Premium-Diamond-Exclusive-by-Goldman/,diamond
PUB;XFir2xfh2rHNOHFbhqfX3Dkh7tO5PKvZ,whale finder ,rokoz77,278,False,https://www.tradingview.com/script/9Oj1lD2P-whale-finder/,whale
PUB;18293beea96a4f46a6410f8550ffc163,Jemmy Trade Whales Multiple Signal Options - Nine in One  $$$,Phantom_Trader_Global,276,False,https://www.tradingview.com/script/XPxCdpkh-Jemmy-Trade-Whales-Multiple-Signal-Options-Nine-in-One/,whale
PUB;0f4baa8a9d4b401e902d3868b442ee5c,Trend Following Regression Cloud,UnknownUnicorn13336802,261,True,https://www.tradingview.com/script/f017eVdz-Trend-Following-Regression-Cloud/,trend following
PUB;a9c574cd48f546bdb28310810c0ad67e,[blackcat] L5 KDJ with Whale Pump Detector,blackcat1402,257,False,https://www.tradingview.com/script/kR9HQJ3m-blackcat-L5-KDJ-with-Whale-Pump-Detector/,whale
PUB;HtELvhoNjE8YKeudhJVg9gQ4NPQlNCBt,Silent Whale Kilo,AlphaMex,251,False,https://www.tradingview.com/script/lArhS18j-Silent-Whale-Kilo/,whale
PUB;2d9107ec00ce42bd9050170333e9a05f,REM BB Pullback Rider v2 - Trend-Following MTF Strategy,Ren-1904,250,False,https://www.tradingview.com/script/oIHAy6u5-REM-BB-Pullback-Rider-v2-Trend-Following-MTF-Strategy/,trend following
PUB;519f71aa5a784db2a69a0be6e4b1d161,Big Whale Finder PRO,EdgeTools,249,False,https://www.tradingview.com/script/93ANVu7C-Big-Whale-Finder-PRO/,whale
PUB;ibBKw2Sd2FiGdVHfpV0eFbD3YvadTurF,L1 Bitcoin Whale Pump Detector,blackcat1402,247,True,https://www.tradingview.com/script/ZAUV0yjw-L1-Bitcoin-Whale-Pump-Detector/,whale
PUB;L609uWVuKCEKXYRAQg5zZZ6WQLYQHxLo,Trend Following or Mean Reverting,Senthaamizh,238,True,https://www.tradingview.com/script/JTEmA2hf-Trend-Following-or-Mean-Reverting/,trend following
PUB;7d72f36897554538a2a887c0db4f40f5,Diamonds,fikira,231,True,https://www.tradingview.com/script/fUdME68W-Diamonds/,diamond
PUB;2e06477956b64a4b8b1391886f6088bb,Heikin Ashi - The Whale,crypto_tycho,230,False,https://www.tradingview.com/script/8ppysqHJ-Heikin-Ashi-The-Whale/,whale
PUB;a45c44049f4c4efc95474bd6f56c7de1,Whale Breaker — HTF Order Blocks + Market Structure HUD,Kammi07,229,True,https://www.tradingview.com/script/yFNRIabV-Whale-Breaker-HTF-Order-Blocks-Market-Structure-HUD/,whale
PUB;920b7df68da14cec8562fe666407a5cb,Three EMAs Trend-following Strategy (by Coinrule),Coinrule,229,True,https://www.tradingview.com/script/7k9T1VNU-Three-EMAs-Trend-following-Strategy-by-Coinrule/,trend following
PUB;2a8e02a62a9c483d83aece6f47e3f555,[ADOL_]ARVIS 4 Whale,ADOL_,224,False,https://www.tradingview.com/script/jlS3c737-ADOL-ARVIS-4-Whale/,whale
PUB;d23k2LSSosP3m826bCriEccDGFS2IxAx,Alert-QuarryLake Indicator Map - ATR Trend Following Strategy ,Lancelot_Augur,224,True,https://www.tradingview.com/script/HlXBHWZ2-Alert-QuarryLake-Indicator-Map-ATR-Trend-Following-Strategy/,trend following
PUB;cce41b84c6914d2e8d0a09a03b9d3a33,Triple EMA Crossover Strategy,hold-and-hope,221,True,https://www.tradingview.com/script/pn5Wiybk-Triple-EMA-Crossover-Strategy/,trend following
PUB;c6010ef181c249598d1cf3a392ff4a8f,Trend Following with Bollinger Bands,LordRobrecht,218,True,https://www.tradingview.com/script/YBv96eln-Trend-Following-with-Bollinger-Bands/,trend following
PUB;fSvJrAEnw9sthlWeCG114mQctNSSpfdD,[blackcat] L2 Ehlers ITrendline Trigger Trend-Following System,blackcat1402,217,True,https://www.tradingview.com/script/wogQPK2P-blackcat-L2-Ehlers-ITrendline-Trigger-Trend-Following-System/,trend following
PUB;vIb69Q3TOZxYaINQgl4obqK9c0rFEnRq, TradeVSA Pentagon Guider Version 1.0,MartinTFWong,216,False,https://www.tradingview.com/script/2xODt6fG-TradeVSA-Pentagon-Guider-Version-1-0/,diamond
PUB;ape9Jcl9K7joljQAZ9EqRZuRCbLXxZbG,RD Bonus 3in1,la4440,214,False,https://www.tradingview.com/script/Y3gyIwzS-RD-Bonus-3in1/,diamond
PUB;0921ada5d19344ef8418fa437269e6a0,Fractal Breakout Trend Following Strategy,Skyrexio,212,True,https://www.tradingview.com/script/IqUET4xO-Fractal-Breakout-Trend-Following-Strategy/,trend following
PUB;27MxP90JGG3omJGKOKUFHBukMrgMKcPK,Trend-following RSI Strategy ,Coinrule,211,True,https://www.tradingview.com/script/hjHwHStD-Trend-following-RSI-Strategy/,trend following
PUB;879769932d6643db83e107f32351f944,Whale Absorption Profile [JOAT],officialjackofalltrades,209,True,https://www.tradingview.com/script/rKXXDi0A-Whale-Absorption-Profile-JOAT/,whale
PUB;5fdfbb831bad4927a0a2b19acba0f0d0,Trend Following Moron TFM 10% System,starshiptrade,204,True,https://www.tradingview.com/script/L4daR2rg-Trend-Following-Moron-TFM-10-System/,trend following
PUB;5f9ad8b4a8c34fff8994cf523cd70cd1,TTMW : Trend-Following HLR V1.2,stampknvt,202,False,https://www.tradingview.com/script/TZi1YM7g-TTMW-Trend-Following-HLR-V1-2/,trend following
PUB;3391bffc4b944fa1bae8b61c17387de1,Fabio + Whale + VRVP,saivivek0192,201,True,https://www.tradingview.com/script/VPdON6FG-Fabio-Whale-VRVP/,whale
PUB;282aecc1082b413b99443f5e3663f13a,Black Diamond - Order Block Zones,BeyondTheMarkets,201,True,https://www.tradingview.com/script/5act0XUr-Black-Diamond-Order-Block-Zones/,diamond
PUB;fbc5951335a04cacb043bbb331b48755,52SIGNAL RECIPE Whale Smart Money Detector,five2ventures,192,False,https://www.tradingview.com/script/NL52xFjx-52SIGNAL-RECIPE-Whale-Smart-Money-Detector/,whale
PUB;ae73d7b7dd0046dbab84887eaac6f74a,Baekdoo Golden Diamond signal,traderbaekdoosan,192,True,https://www.tradingview.com/script/AoMNNBvF-Baekdoo-Golden-Diamond-signal/,diamond
PUB;ede565a0708e4469aa8ae9128a65b254,WhaleCrew Backtester,WhaleCrew,191,True,https://www.tradingview.com/script/6gz8Vu8v-WhaleCrew-Backtester/,whale
PUB;d2fe610f492a4ce6a61ba002463dda25,WhaleCrew Long/Short Ratio (Bitfinex),WhaleCrew,189,True,https://www.tradingview.com/script/bc0Arcyf-WhaleCrew-Long-Short-Ratio-Bitfinex/,whale
PUB;5b7b6e1aba914d0b951576c5891d0b3b,Volume Profile S/R Zones (Peaks),MPRManagement,189,True,https://www.tradingview.com/script/tAe3ZF6Z-Volume-Profile-S-R-Zones-Peaks/,chip distribution
PUB;73d1c4c410c54e6ebe48210f1b814f44,Whale Activity Impact Oscillator,mdeacey,184,True,https://www.tradingview.com/script/zLHAz11D-Whale-Activity-Impact-Oscillator/,whale
PUB;Lx6J6myRcI4DtWgN9fpbbDMRFGnKKEjS,Cryptocurrency trend following EMA Ribbon LONG only strategy,CryptoTrendTrader,184,False,https://www.tradingview.com/script/OcrnYZmP-Cryptocurrency-trend-following-EMA-Ribbon-LONG-only-strategy/,trend following
PUB;AisxKNRFjDMuV3BceUyVQAKH5Xqeoxc8,Silent Whale Foxtrot,AlphaMex,182,False,https://www.tradingview.com/script/QsWNiydO-Silent-Whale-Foxtrot/,whale
PUB;00d8730c8a734694b4d3919691a9e2e7,Trend Following with Dynamic Price Zones,johntradingwick,180,False,https://www.tradingview.com/script/HHUD6qzX-Trend-Following-with-Dynamic-Price-Zones/,trend following
PUB;7c80141afbc8402ebf1c15a0a5124b92,Trend Following with Donchian Channels and MACD,LordRobrecht,178,True,https://www.tradingview.com/script/bGjB7COd-Trend-Following-with-Donchian-Channels-and-MACD/,trend following
PUB;9fUn9RoeB91rbUJK8uEppXXumqWULsxD,Silent Whale Tango,AlphaMex,170,False,https://www.tradingview.com/script/SVNSLr0q-Silent-Whale-Tango/,whale
PUB;de824c7a254244c8afcbf853e7ba5703,Highs-Lows Bands Trend Following,DragoLite,170,True,https://www.tradingview.com/script/DG1ywQkv-Highs-Lows-Bands-Trend-Following/,trend following
PUB;a8ff41660b6541e883e8c16019627c36,4 Flags Whale Pattern,sachendray,168,True,https://www.tradingview.com/script/E5IWIQIz-4-Flags-Whale-Pattern/,whale
PUB;HuCcZv2BAhwthc7T1u3aEdNYtPCzI7e3,BOSS| Trade Like A Bitcoin and Ethereum Whale,JacobGallegos,165,False,https://www.tradingview.com/script/4BQwGdGS-BOSS-Trade-Like-A-Bitcoin-and-Ethereum-Whale/,whale
PUB;17238f7f25484b16b40cfed3cd01c7dc,WAD : Whale Activity Detector,invest_hedgeway,163,True,https://www.tradingview.com/script/xjLTL6sb-WAD-Whale-Activity-Detector/,whale
PUB;f7837be30644420d9492d3debce036ad,WhaleCrew Binance Open Interest,WhaleCrew,159,True,https://www.tradingview.com/script/PJs7vR0e-WhaleCrew-Binance-Open-Interest/,whale
PUB;99c6a73858604cf1a0640cf0fafb53cc,Diamond V5 : Institutional SMC & Liquidity Engine,IR-Treder,157,True,https://www.tradingview.com/script/F0k7Cu4H-Diamond-V5-Institutional-SMC-Liquidity-Engine/,diamond
PUB;o2jjVWh4pTn8ZDPhcN531IKD6QpDOPll,Silent Whale Romeo,AlphaMex,156,False,https://www.tradingview.com/script/fcWWuk9r-Silent-Whale-Romeo/,whale
PUB;a58a44166e214d70ac05ec6cb49bbb14,BTC's #4 Whale Sells [TheSecretGuy],TheSecretsOfTrading,156,True,https://www.tradingview.com/script/4Aywhbtn-BTC-s-4-Whale-Sells-TheSecretGuy/,whale
PUB;554a7581fe064010b531907c9255876c,Baekdoo golden diamond signal,traderbaekdoosan,155,True,https://www.tradingview.com/script/ZLk6Yeur-Baekdoo-golden-diamond-signal/,diamond
PUB;ad1edff9f32a4bcc969096224b7d167c,Ichimoku Z-Score Stochastic Oscillator with Kumo Depth Analysis,ichimokucorner,155,False,https://www.tradingview.com/script/2dsn1mIa-Ichimoku-Z-Score-Stochastic-Oscillator-with-Kumo-Depth-Analysis/,trend following
PUB;f67m4fH7mPJrXniTWRcYuF7zvCHJwRVB,Silent Whale Sierra,AlphaMex,154,False,https://www.tradingview.com/script/aO1w6KWy-Silent-Whale-Sierra/,whale
PUB;S09QD0DDmFkLjGZuTkzttIUdQJsyXAFi,Silent Whale Lima,AlphaMex,152,False,https://www.tradingview.com/script/hhByQGFg-Silent-Whale-Lima/,whale
PUB;12766ebf5f2f4b208af7464af4f1e963,Whale Activity ,DinoTradez,152,False,https://www.tradingview.com/script/Xa5njbFc-Whale-Activity/,whale
PUB;39cc4b374b074632b6c696e2d775178b,TTMW+ : TTMW Trend-Following System ,stampknvt,152,False,https://www.tradingview.com/script/U42unw2c-TTMW-TTMW-Trend-Following-System/,trend following
PUB;l7hoRitxTZeksJYmzxTHxhreENLFkKek,Cryptocurrency trend following EMA Ribbon LONG only study,CryptoTrendTrader,151,False,https://www.tradingview.com/script/kNFvyTWY-Cryptocurrency-trend-following-EMA-Ribbon-LONG-only-study/,trend following
PUB;9ce4d549aa2145d49cdca2ca74986a1a,Whale Alert Crypto,seanhung07,149,False,https://www.tradingview.com/script/R7SAkY7u-Whale-Alert-Crypto/,whale
PUB;0ef930ac7ec04f088fad9d495eee0887,FU + AFU bank candles,B1ssnn,149,False,https://www.tradingview.com/script/m8HnsTTr-FU-AFU-bank-candles/,diamond
PUB;ekZxIR7KaVwr7zojsnjJ48Cl1uMNJ98f,Updated Gold Strategy - Trend Following Script v4.0,MtxTrader,149,False,https://www.tradingview.com/script/WVJjpVRG-Updated-Gold-Strategy-Trend-Following-Script-v4-0/,trend following
PUB;7b6f5b969bff4857a01811d189e31789,Volatility Contraction Pattern [AGPro Series],AGProLabs,148,True,https://www.tradingview.com/script/tLLz0piZ-Volatility-Contraction-Pattern-AGPro-Series/,volatility contraction
PUB;iJ4EJlZxE5QuwCgVnX60yeTKMMZnaTKE,Librehash Aggressive M.A. Forecast,librehash,146,False,https://www.tradingview.com/script/81n5g04r-Librehash-Aggressive-M-A-Forecast/,whale
PUB;65716947de724341afdc153291113b7d,Diamond Grids @shrilss,shrilss,146,True,https://www.tradingview.com/script/MbcGc705-Diamond-Grids-shrilss/,diamond
PUB;qqDWUXFJMCLO3k8EetvNzt5E2oXaeMcC,Silent Whale Papa,AlphaMex,142,False,https://www.tradingview.com/script/wGLdc9Xj-Silent-Whale-Papa/,whale
PUB;smC2ClA8MPb688b2CQtwN3yQeGuPaKNI,Silent Whale Echo,AlphaMex,139,False,https://www.tradingview.com/script/pfbI1hdq-Silent-Whale-Echo/,whale
PUB;8b9c415bda554110a026ac3f4219cdc6, Universal Trend Following Valuation | viResearch ,viResearch,136,False,https://www.tradingview.com/script/zHKzdfHx-Universal-Trend-Following-Valuation-viResearch/,trend following
PUB;479f4306822a4b3eb7025bab9ba42b59,Trend Following Strategy with KNN,zhiming,135,True,https://www.tradingview.com/script/Y6VgpHFs-Trend-Following-Strategy-with-KNN/,trend following
PUB;u537dI7e3F50A9ZrOpD2dDBggFVotsZn,Kundalini,Shenl0ng,134,False,https://www.tradingview.com/script/2UzeEXyS-Kundalini/,whale
PUB;a244dd5ddb0a4b04964465e19bc36378,Liquidity Sweep Pro [Whale Edition],TheMrD,133,True,https://www.tradingview.com/script/jwK7WKCy-Liquidity-Sweep-Pro-Whale-Edition/,whale
PUB;nTbZtYO1B6pbzQzJPUfrsZdSb2vCUMG2,"Trend-Following MTF RSI, Klinger, ATR, PP",ashish_chaurasia198892,132,True,https://www.tradingview.com/script/a9n84V25-Trend-Following-MTF-RSI-Klinger-ATR-PP/,trend following
PUB;a10d79a6a8c74a4999fd01a5f431659f,Blue Diamonds Strategy w/ Caution + Fail Exit,patientscotinvests,131,True,https://www.tradingview.com/script/ef7TrFAz-Blue-Diamonds-Strategy-w-Caution-Fail-Exit/,diamond
PUB;0c59d2390e8247d2b8e3fc6a54555278,BT-Bollinger Bands - Trend Following,Credsonb,130,True,https://www.tradingview.com/script/qs3ZzUi2-BT-Bollinger-Bands-Trend-Following/,trend following
PUB;188a93c55f364ac1b3539a5cb8dd580d,Multi-Timeframe Trend Following with 200 EMA Filter - Longs Only,GNGTrader08,129,True,https://www.tradingview.com/script/p5eJBOcX-Multi-Timeframe-Trend-Following-with-200-EMA-Filter-Longs-Only/,trend following
PUB;754411c6279947fcb701b266d6ee65fa,Whaley Breadth Thrust Indicator,Mysterysauce,127,True,https://www.tradingview.com/script/Ino0OEgK-Whaley-Breadth-Thrust-Indicator/,whale
PUB;26a58de2f71e407aa9e6ec348e60c9b1,Speed Diamond,SamRecio,127,True,https://www.tradingview.com/script/8RV10OTt-Speed-Diamond/,diamond
PUB;ea482d0886ba493c9b924115eabf7f50,Underground Trading - Footprint Whale Buy Sell Volume Bubbles,UndergroundTrading,126,False,https://www.tradingview.com/script/TPHTfMYr-Underground-Trading-Footprint-Whale-Buy-Sell-Volume-Bubbles/,whale
PUB;7WWUBcoBetFm0FryKlxO1jRtuWZsXYcI,WhaleCandles,gliderfund,125,False,https://www.tradingview.com/script/pIWia6nq-WhaleCandles/,whale
PUB;8d0ad82f2bbc4f389b6eb07d89d45d24,Phantom Whale Hunter [JOAT],officialjackofalltrades,124,True,https://www.tradingview.com/script/SvxzbwnX-Phantom-Whale-Hunter-JOAT/,whale
PUB;60oeCjmmiCPZxmIfWU8bhgN6wYykF0Wd,Whale Movement,MCFX2,123,False,https://www.tradingview.com/script/gvZIt59O-Whale-Movement/,whale
PUB;74ce713c39884c76a0a2af61744ca466,Whale Volume Absorption & Aggression @MaxMaserati 3.0,MaxMaserati,122,True,https://www.tradingview.com/script/FZqSWAwu-Whale-Volume-Absorption-Aggression-MaxMaserati-3-0/,whale
PUB;909E5tB7YEnbBpz8hd25pOsIiyMtEs5w,Bull Market Trend Following Strategy,BlockchainSpecialists,119,False,https://www.tradingview.com/script/sLO1ubER-Bull-Market-Trend-Following-Strategy/,trend following
PUB;447b52bf033e42ae8a66d03f7944cd2e,Grid System + Gann Diamond,surfchaser,118,True,https://www.tradingview.com/script/7T67ZQuy-Grid-System-Gann-Diamond/,diamond
PUB;omNyRFw9JrDMiZ5ZNigxEJPoeLQVfBl4,Silent Whale Alfa,AlphaMex,117,False,https://www.tradingview.com/script/7b1EVMgy-Silent-Whale-Alfa/,whale
PUB;I2nhNMxAoqDqreIa3r1psYnadZ0LhldL,"Wyckoff Trend Following, Wyckoff Trend Tracking Trading System",WDCSupport,117,False,https://www.tradingview.com/script/TtZTw1PQ-Wyckoff-Trend-Following-Wyckoff-Trend-Tracking-Trading-System/,trend following
PUB;17545c8xjfRLXNe4hcTf3Fqzbk51TgiF,Diamond 80/20,TeamSharkzFutures,111,False,https://www.tradingview.com/script/jHjGW5Lg-Diamond-80-20/,diamond
PUB;7f53ce7d9073487a9ccee9b2cf881736,Fibonacci Retracements & Trend Following Strategy V2,halilvarol,110,True,https://www.tradingview.com/script/KzxtPuTl-Fibonacci-Retracements-Trend-Following-Strategy-V2/,trend following
PUB;cYxvlkqJFtKWoIF8VhM2lLFsxa7TclZY,MACD - Baby Whale,BabyWhale83,108,True,https://www.tradingview.com/script/ddNF8Z68-MACD-Baby-Whale/,whale
PUB;CX535j2fvnLQSnZbw4avyP4jdakcytN4,Silent Whale Yankee,AlphaMex,108,False,https://www.tradingview.com/script/erYgnmV4-Silent-Whale-Yankee/,whale
PUB;45060635b04645ddb7abde21d6a69693,FVG Diamond,omochi_,108,True,https://www.tradingview.com/script/Seklu7mA-FVG-Diamond/,diamond
PUB;2xPmuxTpw2TsFHmQQfaxbp70rCxXknbG,Silent Whale November,AlphaMex,106,False,https://www.tradingview.com/script/E6O5yEED-Silent-Whale-November/,whale
PUB;4c1c3cdef57b4915a5e95711b71d886d,Trend Following,shinde111ms,106,True,https://www.tradingview.com/script/qMumNo8G-Trend-Following/,trend following
PUB;a832cb080dd543a2ba2b41bbe6ca950c,Interest Rates [WhaleCrew],WhaleCrew,105,True,https://www.tradingview.com/script/HkfGItbF-Interest-Rates-WhaleCrew/,whale
PUB;fe52a912897d441b8e4c8164b3cfc0a9,Bitfinex ETH/BTC Whale Indicator [Benson],bensonsuntw,105,False,https://www.tradingview.com/script/rMwAs85v-Bitfinex-ETH-BTC-Whale-Indicator-Benson/,whale
PUB;k1FgR3cgfN6okHL8nyfSugVWPoyIk8YC,Crypto Trend Following Strategy,CryptoTrendTrader,105,False,https://www.tradingview.com/script/ZtmNCVXS-Crypto-Trend-Following-Strategy/,trend following
PUB;64wx90fEVHYYIHwzoVcrqiVuqyIwjklx,Long GBPJPY 30m Trend Following Strategy  -AGAM -,Windwaker,104,False,https://www.tradingview.com/script/uIXtOtHi-Long-GBPJPY-30m-Trend-Following-Strategy-AGAM/,trend following
PUB;gS5zPIEkGn4vXqbGYXHXedYRvjfpz0e4,PRIO Trend Following,Prio1989,104,False,https://www.tradingview.com/script/8RtRJkRd-PRIO-Trend-Following/,trend following
PUB;ea74ceb599d24941bc958131a24a7fbf,Volume & Range Spike Diamond,jzucchetto,103,True,https://www.tradingview.com/script/mUQOH4w2-Volume-Range-Spike-Diamond/,diamond
PUB;e4ea4e4902c04c2f922b7bff4938ac73,Whale Money Flow Detector,CryptoBullRunners,100,True,https://www.tradingview.com/script/NK4aRQPh-Whale-Money-Flow-Detector/,whale
PUB;jHoyJYjExWoExVJuj9UDSKg4SNPy6HCw,Alternative trend following system,lang,100,False,https://www.tradingview.com/script/fIQMz0rq-Alternative-trend-following-system/,trend following
PUB;e82a04186fe141dc980518119c9716aa,Whale Psychology Insights,johannpasqualini,98,True,https://www.tradingview.com/script/ULfGMfAb-Whale-Psychology-Insights/,whale
PUB;b2e2df533bf34f7e92c3b41c103feec5,Universal Trend Following Strategy | QuantumRsearch,QuantumResearch,98,False,https://www.tradingview.com/script/MX4AAA90-Universal-Trend-Following-Strategy-QuantumRsearch/,trend following
PUB;zpsL5B5Byb4O0ap1vPEILiVSlBsoSWIQ,Silent Whale Uniform,AlphaMex,97,False,https://www.tradingview.com/script/TCscGkBE-Silent-Whale-Uniform/,whale
PUB;fNtX9vUm5m8OzGYqo23gYPnDOYHoIdxP,Silent Whale X-ray,AlphaMex,95,False,https://www.tradingview.com/script/xa2K2Q6Z-Silent-Whale-X-ray/,whale
PUB;995b5ae9bfe647a19c4c716ba209b321,XAUUSD Trend Following,Sultan254,94,False,https://www.tradingview.com/script/yXjifQvE-XAUUSD-Trend-Following/,trend following
PUB;HgPbNqtZM6Bd6PNrdnG1zYhrxXyV2lTy,Silent Whale Delta,AlphaMex,93,False,https://www.tradingview.com/script/VLUQldhT-Silent-Whale-Delta/,whale
PUB;h7fNOc5hTbRyApaJtZ63992CVngB8rJm,Silent Whale India,AlphaMex,93,False,https://www.tradingview.com/script/BHZFmZgP-Silent-Whale-India/,whale
PUB;cb1626ef72644f8a94336f1cc64c1b12,Whales buy & sell,tygafiles,91,True,https://www.tradingview.com/script/FtH6X2dC-Whales-buy-sell/,whale
PUB;SgVovVd8LH0vINDSm76hgnwkJDZEa9pV,Whale Watching,ParametricTrading,90,False,https://www.tradingview.com/script/BmjTFHEu-Whale-Watching/,whale
PUB;hTWekRp4XQdjSabWmzOLqNp2EQRewkvD,Silent Whale Libration,AlphaMex,90,False,https://www.tradingview.com/script/B06jrFda-Silent-Whale-Libration/,whale
PUB;8d76b332edf340f58e8d8525c0c6a81b,Hidden Whale Flow Strategy IBIT Tracker Code Master AMNE,C0de_Master,88,False,https://www.tradingview.com/script/qZQbNrUO-Hidden-Whale-Flow-Strategy-IBIT-Tracker-Code-Master-AMNE/,whale
PUB;f066a84c0b0645d1877c0f86fef26c5e,Ai Trading Entry Buy/Sell indicator - Diamond ALGO by KB,keshanbeharry,88,False,https://www.tradingview.com/script/IsSsVmCk-Ai-Trading-Entry-Buy-Sell-indicator-Diamond-ALGO-by-KB/,diamond
PUB;EFHdtfabEOgdKXZYPOFylyj2UwGVhlAU,Trend following and reversal strategy for crypto,vincent0923,86,False,https://www.tradingview.com/script/lLZfgDXZ-Trend-following-and-reversal-strategy-for-crypto/,trend following
PUB;c8e7c44e90ce4c14adff2a8503d8a912,Donchian and Keltner Channels Trend Following with Trailing Stop,bvdbeld2,84,True,https://www.tradingview.com/script/RY3OheIm-Donchian-and-Keltner-Channels-Trend-Following-with-Trailing-Stop/,trend following
PUB;Cy7S3K2xKuGURhBGLWB4GVN3bkuWZ6iv,Silent Whale Charlie,AlphaMex,83,False,https://www.tradingview.com/script/zPgKFLDG-Silent-Whale-Charlie/,whale
PUB;9a9b4b4b4ae2433b8b0d4eef8dbfc6da,Black Diamond - Liquidity Zones With Alerts V6,BeyondTheMarkets,83,True,https://www.tradingview.com/script/DdQTZscJ-Black-Diamond-Liquidity-Zones-With-Alerts-V6/,diamond
PUB;330c1ceb05c24c0c94db00797309010e,Whale Detector By SFP - Oil Futures,pluckyCraft36kmu,82,True,https://www.tradingview.com/script/DlxWCXBw-Whale-Detector-By-SFP-Oil-Futures/,whale
PUB;0d0a9da1461847e3a57abeac71cbf5ed,"Delta Profile  Multi-Anchor , Footprint Imbalance & Whale Tiers",Market_Logic_India,82,True,https://www.tradingview.com/script/A60uKbTq-Delta-Profile-Multi-Anchor-Footprint-Imbalance-Whale-Tiers/,whale
PUB;gy69vmFQevAImRbZXYw77i3bZrpYl5yf,Trend Following Trigger,Riverhorse,81,True,https://www.tradingview.com/script/u1PWD8jB-Trend-Following-Trigger/,trend following
PUB;WA7WXUyrGXAR8HsWziQ6jvJTPVGtar9U,MACD Trend Following Strategy ,DeMindSET,78,True,https://www.tradingview.com/script/WhhrjwC5-MACD-Trend-Following-Strategy/,trend following
PUB;996e2f4aba3b45649c3d3f487ec92dec,Volatility Contraction Box (VCB),RAJATAMIL,77,False,https://www.tradingview.com/script/uv5HVmbA-Volatility-Contraction-Box-VCB/,volatility contraction
PUB;04c4e63b0db64a5fa68db89afd402ce8,Institutions vs. Crypto Whales Spot Buying,aussiemcbull,77,True,https://www.tradingview.com/script/3GcmWx5v-Institutions-vs-Crypto-Whales-Spot-Buying/,whale
PUB;1b3c162da090450fa0285ee8ab1dec20,Trend Following S/R Fibonacci Strategy,takeutawayfromme2022,77,True,https://www.tradingview.com/script/xOzbMyr6-Trend-Following-S-R-Fibonacci-Strategy/,trend following
PUB;29a7c06c89ad4a0a99b778105dfde7c3,"Black Diamond - Institutional, Banking and Retail Zones",BeyondTheMarkets,76,True,https://www.tradingview.com/script/jpjiXgIo-Black-Diamond-Institutional-Banking-and-Retail-Zones/,diamond
PUB;c203dd47840f468a8813449fe704f18c,Volatility Contraction,NDO-42,75,True,https://www.tradingview.com/script/5luiAIZm-Volatility-Contraction/,volatility contraction
PUB;b7535467e27c4a15a260cf4d1b68f8a3,Volatility Adaptive Signal Tracker (VAST),Shreeyash_Chiddarwar,72,True,https://www.tradingview.com/script/xAjP8zE1-Volatility-Adaptive-Signal-Tracker-VAST/,trend following
PUB;af3b607551e8473e839fd3236d148cbf,Diamond FU of TMD ,themoneydoc,71,False,https://www.tradingview.com/script/0NwAwy5t-Diamond-FU-of-TMD/,diamond
PUB;dJMmcQ2Qoh67Q7VJROSoVa7j2nkZ0tK9,Trend follower,LorenzoDecaria,70,False,https://www.tradingview.com/script/Qnw76mVB-Trend-follower/,trend following
PUB;48Us92nfgWkF9BhGhETYPwsiUMW6Oz6t,TREND FOLLOWING ADD POSITION,EIGHTHdecimal,69,True,https://www.tradingview.com/script/1i2N0sQc-TREND-FOLLOWING-ADD-POSITION/,trend following
PUB;cdfa85c4943b4476931d53403246028c,Whale Activity Detector (V20 - Candle-Relative Diamonds),bryanleow88,64,True,https://www.tradingview.com/script/r55q9JXQ-Whale-Activity-Detector-V20-Candle-Relative-Diamonds/,diamond
PUB;9384041fe26940d7b772e0cb512b832a,Black Diamond - Premium S+R Levels,BeyondTheMarkets,63,True,https://www.tradingview.com/script/LBBI3K32-Black-Diamond-Premium-S-R-Levels/,diamond
PUB;1DhVnHFxO9CvCmWqxQJGnTGqGuObYWKv,The Diamond,Dawn1234,63,False,https://www.tradingview.com/script/JDrK0CUs-The-Diamond/,diamond
PUB;314e3625703247b6ae2c9d9492fd9ea2,Diamond 6-Line Monthly MMA,iarchitmishra,60,True,https://www.tradingview.com/script/rjNdmjVj-Diamond-6-Line-Monthly-MMA/,diamond
PUB;ec6efac0021e4bb68bcfee8a0021cbee,Trend Following S/R Fibonacci Strategy 2,takeutawayfromme2022,60,True,https://www.tradingview.com/script/cUtb0fSZ-Trend-Following-S-R-Fibonacci-Strategy-2/,trend following
PUB;OMgNC0Xs2DHy78S9gBwrMVY7Yb1x2df3,Simple Trend Following Strategy,kaaiii,60,True,https://www.tradingview.com/script/9CsHATvz-Simple-Trend-Following-Strategy/,trend following
PUB;ucg6O5Kte17HOmekd7VIIm6M9zUEoj1Y,Trend Following Algo by Technicaltrader615 for Banknifty,trademonsterai,59,False,https://www.tradingview.com/script/Ag72KDi3-Trend-Following-Algo-by-Technicaltrader615-for-Banknifty/,trend following
PUB;c137cc8f19c843b7a816a19117493e29,Green*Diamond,kwsatterfield1,58,True,https://www.tradingview.com/script/IFBTmQkU-Green-Diamond/,diamond
PUB;d7f65810dad847b0aceeeb6a9fac5508,Diamonds Infiniti - Aynet Fibo,www-aynet-com-tr,56,True,https://www.tradingview.com/script/a9nJv1YO-Diamonds-Infiniti-Aynet-Fibo/,diamond
PUB;a83c0e5416b24462bbb4ffa5779b0ad7,PA Double Diamond [NawidD.],NawidD,55,False,https://www.tradingview.com/script/Fl5zwDBF-PA-Double-Diamond-NawidD/,diamond
PUB;ff678f62163b4726b239a46259e278da,[Trendycator] Trendycator Trend Following Indicator,Trendycator,55,False,https://www.tradingview.com/script/rUAchGLh-Trendycator-Trendycator-Trend-Following-Indicator/,trend following
PUB;745a3ad111d04c0e9537e530639fafd6,Gemini Trend Following System,bluedutch,52,True,https://www.tradingview.com/script/Spu9dNSo-Gemini-Trend-Following-System/,trend following
PUB;a0ba0a47976a43cf8fbb805ccb5b3812,Multi-Indicator Trend-Following Strategy v6,rockingtoor,51,True,https://www.tradingview.com/script/goaRg0aN-Multi-Indicator-Trend-Following-Strategy-v6/,trend following
PUB;9hRnWIOaZaRnyYAutELcGjvClypml7FX,Market Reader Trend Following system,nonobdx,50,False,https://www.tradingview.com/script/5083sCmL-Market-Reader-Trend-Following-system/,trend following
PUB;nYPuH3QgK1rvuY6YoVBKN0DJaHGEoOYf,Cryptocurrency trend following LONG only strategy,CryptoTrendTrader,49,False,https://www.tradingview.com/script/AdkCjnuE-Cryptocurrency-trend-following-LONG-only-strategy/,trend following
PUB;de6895a8a0864c94a3d51eff9bf0d5d7,Dual SuperTrend Trend-Following (Exit on Trend Flip Only),mandar3d,49,False,https://www.tradingview.com/script/t9eX1dxA-Dual-SuperTrend-Trend-Following-Exit-on-Trend-Flip-Only/,trend following
PUB;654d98c354854a3eb8a424cca641e82b,tvbot Trend Following with Mean Reversion algo,MaconBaconNAO,49,True,https://www.tradingview.com/script/NJnvcXRE-tvbot-Trend-Following-with-Mean-Reversion-algo/,trend following
PUB;9ce56d6f958d4b52af621d0fc8af4165,Breakout Sniper,cdeck1027,48,True,https://www.tradingview.com/script/1CznKNi1-Breakout-Sniper/,diamond
PUB;57abe080979748be8861e39f9b3f1cd0,Trend Following ADX + Parabolic SAR,Alex2542,48,True,https://www.tradingview.com/script/xoCNFc4W-Trend-Following-ADX-Parabolic-SAR/,trend following
PUB;cd9b869c48ea4edf8ea97d45fbe80bc6,Donchian Breakout with ATR Trailing Stop (Trend Following),raven_suurineru,47,True,https://www.tradingview.com/script/NeEiwmDq-Donchian-Breakout-with-ATR-Trailing-Stop-Trend-Following/,trend following
PUB;6fvqUWJAIPgvWtNZTZeClUyUMF4V6ERZ,Intraday Trend Following Algorithm [Bitduke],Bitduke,45,False,https://www.tradingview.com/script/TJQ6zSWL-Intraday-Trend-Following-Algorithm-Bitduke/,trend following
PUB;d3d004f924364191b55addcdd6ee57a6,AlphaNest Pro + GOLDEN ZONE + DIAMOND ZONE - FINAL PRO,houassini2,44,False,https://www.tradingview.com/script/LrK9nY2L-AlphaNest-Pro-GOLDEN-ZONE-DIAMOND-ZONE-FINAL-PRO/,diamond
PUB;sjsv7FppizDYyXn9fbpnh5HrwncfxaFH,A Sin For Directions ROC Adaptive Length Trend Following ,Celar,43,True,https://www.tradingview.com/script/bMQVQG8B-A-Sin-For-Directions-ROC-Adaptive-Length-Trend-Following/,trend following
PUB;8c2dfcbb4d354ee28a6a80cef381db1e,Black Diamond FVG,BeyondTheMarkets,42,True,https://www.tradingview.com/script/VW0Z6e17-Black-Diamond-FVG/,diamond
PUB;8cd7eadca58446348459e1f724b4d474,DYNAMIC Trend Following-NSE Stocks-Long Only,Ankit_Quant,42,False,https://www.tradingview.com/script/4vNcoggX-DYNAMIC-Trend-Following-NSE-Stocks-Long-Only/,trend following
PUB;oMclLLhMKa3BHLRxD1FhD6I2CTaAtTjx,MMD clouds (+diamonds),red1939,41,True,https://www.tradingview.com/script/W4xHShav-MMD-clouds-diamonds/,diamond
PUB;ec877d1efe7d49469d1bd68675b8de2e,Trend Following S/R Fibonacci Strategy,takeutawayfromme2022,41,False,https://www.tradingview.com/script/xv2X5D6t-Trend-Following-S-R-Fibonacci-Strategy/,trend following
PUB;8825e52d11eb4c3a80e292131a44a30b,Trend-Following Colored Bars w/ Signals,pdcardoso,41,True,https://www.tradingview.com/script/550ttMtA-Trend-Following-Colored-Bars-w-Signals/,trend following
PUB;f33d6229dedd499485c85dea78f15619,The Phi Club - Dick Diamonds Indicator 1,ThePhiClub,40,True,https://www.tradingview.com/script/wpclHrMu-The-Phi-Club-Dick-Diamonds-Indicator-1/,diamond
PUB;EuYfErBCnGplmGeoYlTdktF5liW1rOFQ,AITI Investa: Trend Following,hasrindra,40,True,https://www.tradingview.com/script/igEUtuPs-AITI-Investa-Trend-Following/,trend following
PUB;f09a057909984a8ab8edc2482fbade33,AlgoBuilder [Trend-Following] | Fractalyst,Fractalyst,40,False,https://www.tradingview.com/script/J1pJD2m0-AlgoBuilder-Trend-Following-Fractalyst/,trend following
PUB;6bf7450211644441a9e52640d38eba11,Conditional Volatility Explosion/Contraction,oberlunar_tr,39,False,https://www.tradingview.com/script/seXHrYAY-Conditional-Volatility-Explosion-Contraction/,volatility contraction
PUB;504490c48fcb4d509a496619af7da3bd,Ai Trading Entry ALGO Diamond by KB,keshanbeharry,37,False,https://www.tradingview.com/script/zkugJ7wx-Ai-Trading-Entry-ALGO-Diamond-by-KB/,diamond
PUB;KFJLcHv40WNY9fosGX06lta0BytT252L,DiamondStrategy,Bobby2234,36,False,https://www.tradingview.com/script/nMNk1y8w-DiamondStrategy/,diamond
PUB;WqKDNu4TMXmg6ryQidfomxiPdv9hYbw7,diamond_test_tool,Dawn1234,34,False,https://www.tradingview.com/script/QPTp5b85-diamond-test-tool/,diamond
PUB;09fbddd1321a40db84d4dcea3051b392,Diamond by Inti,Bullishtrades88,33,False,https://www.tradingview.com/script/qXb6vzW9-Diamond-by-Inti/,diamond
PUB;ziVgHHwvAu5bHOyNRciH1imIRaW4PLci,Zeta Diamond Burst,jellygill,30,False,https://www.tradingview.com/script/QolmJWEh-Zeta-Diamond-Burst/,diamond
PUB;18a1192826444c5fb674ea913304fe53,Study forloop Star Diamond,hapharmonic,29,True,https://www.tradingview.com/script/Vxm3vtIc-Study-forloop-Star-Diamond/,diamond
PUB;3905120be93c402bad433ebeb71a1f92,Musical Octave Diamond Grid,Zfx1471,27,False,https://www.tradingview.com/script/CLmWmnRQ-Musical-Octave-Diamond-Grid/,diamond
PUB;23fcb78453cf4687aa3f7ecf1b7b401b,Black Diamond - Pivot Points with alerts,BeyondTheMarkets,25,True,https://www.tradingview.com/script/igbyztvW-Black-Diamond-Pivot-Points-with-alerts/,diamond
PUB;3n9DP0m47z5a9AvRcvgRE4lsv48dTjF5,DiamondIndicator ALERTS BTCUSD,Bobby2234,22,False,https://www.tradingview.com/script/WaC9XjqL-DiamondIndicator-ALERTS-BTCUSD/,diamond
PUB;fb5863ba7a71421dbf0695dccc257b03,NASDAQ Diamond Shot,szymonsobkowiak,21,True,https://www.tradingview.com/script/I6GLWZQR-NASDAQ-Diamond-Shot/,diamond
PUB;c3de798c4cc44084ab84565dc18e674f,Diamond 65%,Bullishtrades88,20,False,https://www.tradingview.com/script/ZQZiEImS-Diamond-65/,diamond
PUB;abaf421f842846db81068c76fe1ac13c,Clouds and Diamonds,alex_7750815,19,True,https://www.tradingview.com/script/sfknDFxl-Clouds-and-Diamonds/,diamond
PUB;decc835127b8454fa6bced46546f868f,Diamond Peaks [EdgeTerminal],EdgeTerminal,18,False,https://www.tradingview.com/script/zl0F2uXP-Diamond-Peaks-EdgeTerminal/,diamond
PUB;d74ef4c2ee4e4ec49466537e829c2ae0,52-Week High Diamond,vinthomas,17,True,https://www.tradingview.com/script/AuEkKbjR-52-Week-High-Diamond/,diamond
PUB;kjGX3dHoUtDCLoQVS7Mdu4MHkHZ4nxbt,DiamondStrategy X BTC/USD,Bobby2234,17,False,https://www.tradingview.com/script/xj9Vuog8-DiamondStrategy-X-BTC-USD/,diamond
PUB;c710bb1f3861414fbeab5ff85a096c1b,DCC-Gold,mrtoon21,16,True,https://www.tradingview.com/script/VmeeKF4Y-DCC-Gold/,diamond
PUB;w71YA4RUoFeS9I0NRMXvgfAE1Uf6U2IO,Diamond Re-Entry,TeamSharkzFutures,16,False,https://www.tradingview.com/script/ZvQBFdfc-Diamond-Re-Entry/,diamond
PUB;db23136cad82470baf6766b894cbd448,Black Diamond - Session Highs and Lows with Alerts,BeyondTheMarkets,15,True,https://www.tradingview.com/script/kPvhiAKF-Black-Diamond-Session-Highs-and-Lows-with-Alerts/,diamond
PUB;82da4ca4f1374a419c973e1cfe1c344f,Diamond Oscillator,noaty343,14,False,https://www.tradingview.com/script/psG7m4z3-Diamond-Oscillator/,diamond
PUB;02c2c14568884aa0b9bc83c91684231b,HEERA DIAMOND OPTION PRO,subhashBishnoii,13,False,https://www.tradingview.com/script/pBkEjIhK-HEERA-DIAMOND-OPTION-PRO/,diamond
PUB;Yc4WCbJsgZ8n773fbqFXpXBzOyfULwtw,Black Diamond,fionnablack,12,False,https://www.tradingview.com/script/Uhzn6kxe-Black-Diamond/,diamond
PUB;138f783654414c77964a1de441c67891,Black Diamond Alpha,robertgroff72,12,False,https://www.tradingview.com/script/NISHNwQl-Black-Diamond-Alpha/,diamond
PUB;EF7ZR0nvtwJzfaEJhbubrHjJcWaUSAPU,Manic Attack Diamond,PremiumIndicatorsSpecial,12,False,https://www.tradingview.com/script/0Fmu3Y2l-Manic-Attack-Diamond/,diamond
PUB;6f70cbb43afb4495bf992b053afd0068,Diamond Capital Pro Platinum,mrtoon21,11,False,https://www.tradingview.com/script/xn0fJROW-Diamond-Capital-Pro-Platinum/,diamond
PUB;86f4629e1c014df5ac02452a06d14ee5,DAX Diamond Shot,szymonsobkowiak,10,True,https://www.tradingview.com/script/GMv3B4lU-DAX-Diamond-Shot/,diamond
PUB;XUrwVJ8tpCIOHyleax4beunJ0zkq8NTe,DiamondIndicator Alerts for BTCUSD,Bobby2234,9,False,https://www.tradingview.com/script/uWA6YLQO-DiamondIndicator-Alerts-for-BTCUSD/,diamond
PUB;2ca75853718d48b3bf39524eb5d188ae,Diamond Capital Pro Platinum,mrtoon21,7,False,https://www.tradingview.com/script/YBxF8U7N-Diamond-Capital-Pro-Platinum/,diamond
PUB;4c7ce569598d4cd98a406d9ab82b4e0e,DCC-Diamonds & Gold Strategy,mrtoon21,7,False,https://www.tradingview.com/script/2cEJMf06-DCC-Diamonds-Gold-Strategy/,diamond
PUB;3febe05c3fb3489bb079400feee635ed,EMA 200 Step Diamond Style,KKK_Noypi,1,False,https://www.tradingview.com/script/mQc2lx0O-EMA-200-Step-Diamond-Style/,diamond
PUB;a7b0a43317b14f8395572052e08aa81e,Voce Eterna - Diamond Edition,IPPO100,0,False,https://www.tradingview.com/script/E2R6ThGW-Voce-Eterna-Diamond-Edition/,diamond
PUB;3b8aeba774f04cd0bca8c561bfb2d5ba,Voce Eterna - Diamond Peak,IPPO100,0,False,https://www.tradingview.com/script/PcKrxYlM-Voce-Eterna-Diamond-Peak/,diamond
